,Date,Adj Close,daily_return
0,2017-01-03,71.55000305175781,
1,2017-01-04,71.8499984741211,0.004192807960417211
2,2017-01-05,72.66999816894531,0.011412661269847746
3,2017-01-06,72.76000213623047,0.0012385299236683522
4,2017-01-09,74.0199966430664,0.0173171312512721
5,2017-01-10,75.94000244140625,0.02593901493400974
6,2017-01-11,77.88999938964844,0.025678125961962728
7,2017-01-12,75.0,-0.03710360010649216
8,2017-01-13,77.08999633789062,0.02786661783854161
9,2017-01-17,76.29000091552734,-0.010377421979070434
10,2017-01-18,77.19000244140625,0.01179710991058247
11,2017-01-19,78.16000366210938,0.012566410027508912
12,2017-01-20,78.6500015258789,0.006269163777010922
13,2017-01-23,78.7300033569336,0.0010171879148452856
14,2017-01-24,79.8499984741211,0.01422577250644652
15,2017-01-25,80.48999786376953,0.008015020687268448
16,2017-01-26,76.97000122070312,-0.0437321000930333
17,2017-01-27,79.94999694824219,0.03871632688421367
18,2017-01-30,80.12000274658203,0.002126401561339586
19,2017-01-31,79.62000274658203,-0.006240638827503364
20,2017-02-01,79.62999725341797,0.00012552758717876422
21,2017-02-02,80.62000274658203,0.01243256972637363
22,2017-02-03,79.37000274658203,-0.015504836981080294
23,2017-02-06,83.22000122070312,0.04850697166300511
24,2017-02-07,82.79000091552734,-0.0051670307482381
25,2017-02-08,80.04000091552734,-0.03321657168244141
26,2017-02-09,83.37000274658203,0.04160422030191002
27,2017-02-10,83.97000122070312,0.007196814853717815
28,2017-02-13,83.52999877929688,-0.005239995653325891
29,2017-02-14,82.47000122070312,-0.012690022436064874
30,2017-02-15,84.11000061035156,0.019886011463241537
31,2017-02-16,82.36000061035156,-0.020806087115693428
32,2017-02-17,83.05999755859375,0.008499234374146125
33,2017-02-21,82.4000015258789,-0.007946015556396513
34,2017-02-22,82.22000122070312,-0.0021844696825551453
35,2017-02-23,81.0,-0.014838253497810984
36,2017-02-24,81.37999725341797,0.004691324116271156
37,2017-02-27,81.94000244140625,0.006881361598531699
38,2017-02-28,92.73999786376952,0.13180369905512435
39,2017-03-01,91.0999984741211,-0.01768384114109534
40,2017-03-02,88.94000244140625,-0.023710165410468557
41,2017-03-03,88.4800033569336,-0.0051720156492653935
42,2017-03-06,90.20999908447266,0.019552392200530955
43,2017-03-07,91.91000366210938,0.01884496835040239
44,2017-03-08,96.33999633789062,0.0481992438175427
45,2017-03-09,99.33999633789062,0.031139714698329213
46,2017-03-10,97.0500030517578,-0.02305207741646931
47,2017-03-13,94.81999969482422,-0.022977880338079903
48,2017-03-14,93.58999633789062,-0.012971982291629658
49,2017-03-15,96.13999938964844,0.027246534368389863
50,2017-03-16,95.13999938964844,-0.01040149788172007
51,2017-03-17,93.11000061035156,-0.021336964392683618
52,2017-03-20,96.66999816894531,0.038234320000616114
53,2017-03-21,95.4000015258789,-0.013137443541137772
54,2017-03-22,96.5199966430664,0.011739990558424562
55,2017-03-23,98.2300033569336,0.017716605608585345
56,2017-03-24,98.72000122070312,0.004988270864544786
57,2017-03-27,98.22000122070312,-0.0050648297590898395
58,2017-03-28,95.76000213623048,-0.02504580588372174
59,2017-03-29,95.76000213623048,0.0
60,2017-03-30,102.75,0.07299496353211632
61,2017-03-31,104.9800033569336,0.02170319568791812
62,2017-04-03,102.12999725341795,-0.027148085467530225
63,2017-04-04,105.91000366210938,0.03701171556200067
64,2017-04-05,103.6999969482422,-0.020866836346431272
65,2017-04-06,104.4000015258789,0.006750285421764035
66,2017-04-07,103.0999984741211,-0.012452136329093477
67,2017-04-10,100.7300033569336,-0.02298734386288459
68,2017-04-11,101.16999816894531,0.004368061127255407
69,2017-04-12,101.0199966430664,-0.001482668069524129
70,2017-04-13,101.63999938964844,0.0061374259273903045
71,2017-04-17,101.83999633789062,0.001967699227107156
72,2017-04-18,101.75,-0.0008837032710805601
73,2017-04-19,102.91000366210938,0.011400527391738358
74,2017-04-20,104.7300033569336,0.017685352541624066
75,2017-04-21,105.16999816894531,0.004201229809113638
76,2017-04-24,107.4000015258789,0.02120379762060387
77,2017-04-25,107.58000183105469,0.0016759804713075699
78,2017-04-26,108.12999725341795,0.005112431799610739
79,2017-04-27,105.22000122070312,-0.026912014303439258
80,2017-04-28,108.25,0.028796794755222788
81,2017-05-01,110.23999786376952,0.01838335209024966
82,2017-05-02,94.58000183105469,-0.14205366778097062
83,2017-05-03,89.8499984741211,-0.050010607584705435
84,2017-05-04,90.1999969482422,0.0038953642745127577
85,2017-05-05,91.6999969482422,0.016629712314299994
86,2017-05-08,93.61000061035156,0.020828830160020798
87,2017-05-09,98.25,0.04956734707183985
88,2017-05-10,96.1500015258789,-0.02137403027095264
89,2017-05-11,94.93000030517578,-0.012688520034757957
90,2017-05-12,95.2300033569336,0.003160255459742745
91,2017-05-15,95.56999969482422,0.003570264894523501
92,2017-05-16,97.51000213623048,0.020299282699603568
93,2017-05-17,95.9000015258789,-0.016511132961542274
94,2017-05-18,96.22000122070312,0.0033368059409035755
95,2017-05-19,95.76000213623048,-0.004780701295331813
96,2017-05-22,96.33999633789062,0.0060567480025222045
97,2017-05-23,98.05999755859376,0.017853449097824603
98,2017-05-24,99.75,0.017234371644731183
99,2017-05-25,97.97000122070312,-0.01784459929119675
100,2017-05-26,97.4000015258789,-0.005818104396468682
101,2017-05-30,97.1500015258789,-0.002566735072725645
102,2017-05-31,98.66000366210938,0.015542996526132224
103,2017-06-01,98.13999938964844,-0.005270669502930979
104,2017-06-02,96.5999984741211,-0.015691878185295605
105,2017-06-05,94.52999877929688,-0.021428568607884224
106,2017-06-06,93.66000366210938,-0.009203375948609873
107,2017-06-07,94.01000213623048,0.003736904339484815
108,2017-06-08,97.72000122070312,0.039463876185179325
109,2017-06-09,95.05999755859376,-0.027220667507992347
110,2017-06-12,93.66000366210938,-0.014727476671998141
111,2017-06-13,93.91999816894531,0.0027759395330999577
112,2017-06-14,96.2300033569336,0.024595456058602142
113,2017-06-15,94.94000244140624,-0.013405391983023485
114,2017-06-16,92.52999877929688,-0.025384491259063724
115,2017-06-19,93.8499984741211,0.01426564046512846
116,2017-06-20,95.66000366210938,0.019286150425323445
117,2017-06-21,98.25,0.027075018176238246
118,2017-06-22,98.61000061035156,0.0036641283496341437
119,2017-06-23,97.5,-0.01125647098145377
120,2017-06-26,97.12000274658205,-0.003897407727363689
121,2017-06-27,94.0999984741211,-0.03109559500673753
122,2017-06-28,100.72000122070312,0.07035072108319572
123,2017-06-29,100.13999938964844,-0.005758556632498024
124,2017-06-30,102.06999969482422,0.01927302094007488
125,2017-07-03,101.83999633789062,-0.00225338843559586
126,2017-07-05,102.76000213623048,0.009033835736672824
127,2017-07-06,102.29000091552734,-0.0045737758946331475
128,2017-07-07,103.22000122070312,0.009091800731762634
129,2017-07-10,102.8000030517578,-0.004068961092601575
130,2017-07-11,105.58999633789062,0.02714001170533153
131,2017-07-12,101.62000274658205,-0.037598198020620255
132,2017-07-13,100.55999755859376,-0.010431068287133359
133,2017-07-14,100.77999877929688,0.0021877607999634123
134,2017-07-17,102.52999877929688,0.017364556669944076
135,2017-07-18,100.91000366210938,-0.015800206149174545
136,2017-07-19,101.06999969482422,0.0015855319285349445
137,2017-07-20,101.41000366210938,0.003364044407952793
138,2017-07-21,100.16999816894531,-0.012227644693670105
139,2017-07-24,103.08999633789062,0.029150426498166567
140,2017-07-25,103.30999755859376,0.0021340695365053013
141,2017-07-26,104.33000183105469,0.00987323876261259
142,2017-07-27,104.43000030517578,0.000958482434257224
143,2017-07-28,106.8000030517578,0.022694654214844068
144,2017-07-31,109.54000091552734,0.025655409976361957
145,2017-08-01,109.41999816894531,-0.0010955152965040904
146,2017-08-02,101.27999877929688,-0.074392245712527
147,2017-08-03,97.18000030517578,-0.04048181796541639
148,2017-08-04,98.75,0.01615558437841047
149,2017-08-07,100.38999938964844,0.0166075887559336
150,2017-08-08,101.66000366210938,0.012650705052119848
151,2017-08-09,98.04000091552734,-0.03560891812097455
152,2017-08-10,95.88999938964844,-0.021929839920456273
153,2017-08-11,95.63999938964844,-0.002607154047254978
154,2017-08-14,96.68000030517578,0.010874120892559349
155,2017-08-15,97.66999816894531,0.01023994477290602
156,2017-08-16,98.5999984741211,0.009521862625277322
157,2017-08-17,98.58999633789062,-0.00010144154548941131
158,2017-08-18,97.79000091552734,-0.008114367096855424
159,2017-08-21,99.38999938964844,0.016361575407931594
160,2017-08-22,99.58999633789062,0.0020122441842274075
161,2017-08-23,100.37999725341795,0.00793253283037587
162,2017-08-24,99.0199966430664,-0.013548522091688331
163,2017-08-25,95.8000030517578,-0.03251861947557522
164,2017-08-28,97.68000030517578,0.019624187823900963
165,2017-08-29,99.20999908447266,0.015663378117493743
166,2017-08-30,101.88999938964844,0.02701340923200579
167,2017-08-31,101.72000122070312,-0.0016684480318348571
168,2017-09-01,101.8000030517578,0.0007864906615671076
169,2017-09-05,99.0999984741211,-0.0265226374921026
170,2017-09-06,96.97000122070312,-0.021493413584402817
171,2017-09-07,97.12000274658205,0.0015468858821350295
172,2017-09-08,99.4800033569336,0.02429984085265691
173,2017-09-11,100.4000015258789,0.009248071350021592
174,2017-09-12,97.27999877929688,-0.03107572409526138
175,2017-09-13,90.31999969482422,-0.07154604411810384
176,2017-09-14,92.27999877929688,0.021700609954552245
177,2017-09-15,93.62000274658205,0.014521066157467288
178,2017-09-18,93.98999786376952,0.0039520947055406985
179,2017-09-19,88.30000305175781,-0.06053830132285853
180,2017-09-20,88.87000274658203,0.006455262458939126
181,2017-09-21,89.4800033569336,0.006863965246979964
182,2017-09-22,89.36000061035156,-0.0013411124506035321
183,2017-09-25,84.87000274658203,-0.050246170916536485
184,2017-09-26,85.33000183105469,0.005420043237728933
185,2017-09-27,90.69000244140624,0.06281495951405036
186,2017-09-28,88.72000122070312,-0.021722363740985684
187,2017-09-29,88.08999633789062,-0.007101046823086431
188,2017-10-02,91.0,0.033034439585482016
189,2017-10-03,89.44000244140625,-0.01714283031421704
190,2017-10-04,91.37999725341795,0.02169046018623066
191,2017-10-05,96.44000244140624,0.05537322543308587
192,2017-10-06,96.12000274658205,-0.0033181220108181586
193,2017-10-09,98.3499984741211,0.023200121346421243
194,2017-10-10,98.41000366210938,0.0006101188502212196
195,2017-10-11,97.01000213623048,-0.014226211500670159
196,2017-10-12,97.12000274658205,0.001133909987931947
197,2017-10-13,96.5,-0.006383883124466472
198,2017-10-16,97.0999984741211,0.0062176007680943
199,2017-10-17,96.4800033569336,-0.0063851197418168795
200,2017-10-18,96.38999938964844,-0.0009328769087225686
201,2017-10-19,95.9499969482422,-0.0045648142358375434
202,2017-10-20,96.11000061035156,0.0016675733944595539
203,2017-10-23,96.3499984741211,0.0024971164524545397
204,2017-10-24,97.30999755859376,0.00996366476051902
205,2017-10-25,96.95999908447266,-0.0035967370558237506
206,2017-10-26,96.7699966430664,-0.001959596155118759
207,2017-10-27,97.6999969482422,0.009610419938383076
208,2017-10-30,96.66000366210938,-0.010644762728946431
209,2017-10-31,97.5,0.008690216284565455
210,2017-11-01,97.02999877929688,-0.00482052534054489
211,2017-11-02,81.76000213623047,-0.15737397542175935
212,2017-11-03,86.73999786376953,0.060909926582942926
213,2017-11-06,86.16999816894531,-0.006571359336663085
214,2017-11-07,86.18000030517578,0.00011607446260897271
215,2017-11-08,86.30999755859375,0.001508438767203968
216,2017-11-09,86.30999755859375,0.0
217,2017-11-10,85.16999816894531,-0.013208196291217831
218,2017-11-13,85.55000305175781,0.004461722331597473
219,2017-11-14,84.68000030517578,-0.010169523267645976
220,2017-11-15,85.55999755859375,0.010392031769562715
221,2017-11-16,86.93000030517578,0.016012187770854114
222,2017-11-17,85.5,-0.01645002070810575
223,2017-11-20,85.94000244140625,0.0051462273848683635
224,2017-11-21,87.70999908447266,0.020595724840398733
225,2017-11-22,87.83000183105469,0.0013681763520081436
226,2017-11-24,87.30000305175781,-0.006034370582347903
227,2017-11-27,88.62000274658203,0.015120270889814604
228,2017-11-28,86.70999908447266,-0.02155273756390219
229,2017-11-29,86.41000366210938,-0.0034597558013006453
230,2017-11-30,85.83000183105469,-0.006712206995415526
231,2017-12-01,86.31999969482422,0.005708934560365364
232,2017-12-04,85.93000030517578,-0.0045180652343285175
233,2017-12-05,84.94000244140625,-0.011520980568527905
234,2017-12-06,83.0,-0.02283967960496014
235,2017-12-07,81.9800033569336,-0.012289116181522952
236,2017-12-08,79.0,-0.036350368808341305
237,2017-12-11,77.48999786376953,-0.01911395109152492
238,2017-12-12,77.5999984741211,0.0014195459205579295
239,2017-12-13,80.08999633789062,0.032087601968187274
240,2017-12-14,79.48999786376953,-0.007491553272018781
241,2017-12-15,79.5,0.00012582886525680514
242,2017-12-18,80.0999984741211,0.007547150617875475
243,2017-12-19,80.20999908447266,0.0013732910417858513
244,2017-12-20,81.72000122070312,0.018825609692879164
245,2017-12-21,81.19000244140625,-0.0064855454158094785
246,2017-12-22,80.9800033569336,-0.00258651408003352
247,2017-12-26,80.86000061035156,-0.001481881225085857
248,2017-12-27,81.58000183105469,0.0089042940300319
249,2017-12-28,81.2300033569336,-0.004290248421983557
250,2017-12-29,80.20999908447266,-0.012556989170355306
251,2018-01-02,79.75,-0.005734934418690218
252,2018-01-03,78.0,-0.0219435736677116
253,2018-01-04,77.76000213623047,-0.0030768956893529875
254,2018-01-05,76.72000122070312,-0.013374497003039276
255,2018-01-08,76.33999633789062,-0.0049531396867333885
256,2018-01-09,78.98999786376953,0.03471314714438356
257,2018-01-10,78.83999633789062,-0.0018989939224660637
258,2018-01-11,81.06999969482422,0.02828517834242783
259,2018-01-12,78.4800033569336,-0.0319476544670072
260,2018-01-16,80.41000366210938,0.024592255639923618
261,2018-01-17,80.7699966430664,0.004476967598083359
262,2018-01-18,80.04000091552734,-0.00903795664081819
263,2018-01-19,79.80000305175781,-0.0029984740257914533
264,2018-01-22,81.08000183105469,0.016040084340180668
265,2018-01-23,82.2300033569336,0.014183540946078875
266,2018-01-24,82.0199966430664,-0.0025538940203567733
267,2018-01-25,83.18000030517578,0.01414293720539228
268,2018-01-26,82.47000122070312,-0.008535694660588677
269,2018-01-29,80.12000274658203,-0.028495191455522262
270,2018-01-30,78.69000244140625,-0.017848230855643462
271,2018-01-31,77.94999694824219,-0.00940405985773196
272,2018-02-01,76.30999755859375,-0.02103912063957325
273,2018-02-02,71.56999969482422,-0.06211503099747818
274,2018-02-05,72.08999633789062,0.007265567210893886
275,2018-02-06,69.22000122070311,-0.03981128121765543
276,2018-02-07,64.37000274658203,-0.07006643150232261
277,2018-02-08,60.06999969482422,-0.06680134951502914
278,2018-02-09,61.5,0.023805565381066485
279,2018-02-12,60.52000045776367,-0.015934951906281802
280,2018-02-13,58.36000061035156,-0.03569067797544967
281,2018-02-14,60.11000061035156,0.029986291667200463
282,2018-02-15,60.599998474121094,0.008151686221828934
283,2018-02-16,61.04999923706055,0.007425755350994434
284,2018-02-20,59.709999084472656,-0.02194922472291272
285,2018-02-21,61.0,0.021604437034111523
286,2018-02-22,59.959999084472656,-0.017049195336513834
287,2018-02-23,60.59000015258789,0.010507022644007602
288,2018-02-26,61.1500015258789,0.00924247189108307
289,2018-02-27,59.68999862670898,-0.023875762268820933
290,2018-02-28,67.98000335693361,0.13888431765711529
291,2018-03-01,64.48000335693361,-0.05148572855495481
292,2018-03-02,66.87000274658203,0.03706574542836805
293,2018-03-05,66.86000061035156,-0.00014957583101016247
294,2018-03-06,69.01000213623047,0.032156767966676325
295,2018-03-07,69.76999664306639,0.01101281674119714
296,2018-03-08,73.45999908447266,0.05288809830798469
297,2018-03-09,76.83000183105469,0.04587534424968909
298,2018-03-12,76.93000030517578,0.001301555014159517
299,2018-03-13,78.41999816894531,0.01936822901155355
300,2018-03-14,77.72000122070312,-0.00892625560554261
301,2018-03-15,78.05000305175781,0.0042460348156398995
302,2018-03-16,78.5,0.005765495588049952
303,2018-03-19,78.7300033569336,0.0029299790692176586
304,2018-03-20,78.23999786376953,-0.006223872377377536
305,2018-03-21,78.48999786376953,0.0031952966107604568
306,2018-03-22,78.06999969482422,-0.005350976944530904
307,2018-03-23,77.95999908447266,-0.0014089997538305756
308,2018-03-26,80.04000091552734,0.026680372697297283
309,2018-03-27,78.9800033569336,-0.013243347657035276
310,2018-03-28,77.55999755859375,-0.017979307900538144
311,2018-03-29,79.06999969482422,0.01946882650543813
312,2018-04-02,76.66999816894531,-0.03035287131834918
313,2018-04-03,75.80999755859375,-0.011216911841533063
314,2018-04-04,76.12999725341797,0.004221075123724828
315,2018-04-05,74.91999816894531,-0.01589385430351287
316,2018-04-06,74.5,-0.005605955408570784
317,2018-04-09,76.12999725341797,0.021879157763999624
318,2018-04-10,78.0199966430664,0.024825948480690085
319,2018-04-11,77.9000015258789,-0.0015380046443280724
320,2018-04-12,77.83000183105469,-0.0008985839981141552
321,2018-04-13,77.9800033569336,0.0019272969593977507
322,2018-04-16,78.91999816894531,0.012054305867481574
323,2018-04-17,79.45999908447266,0.006842383781755279
324,2018-04-18,81.54000091552734,0.02617671602089344
325,2018-04-19,82.16000366210938,0.007603663718673825
326,2018-04-20,83.16999816894531,0.01229301925289139
327,2018-04-23,80.55000305175781,-0.031501685401813306
328,2018-04-24,79.88999938964844,-0.008193713682236425
329,2018-04-25,80.29000091552734,0.005006903604141577
330,2018-04-26,83.20999908447266,0.03636814218021267
331,2018-04-27,82.5199966430664,-0.008292301994929474
332,2018-04-30,81.62000274658203,-0.010906373401555314
333,2018-05-01,82.66999816894531,0.012864437478927291
334,2018-05-02,85.2300033569336,0.03096655672783033
335,2018-05-03,85.08999633789062,-0.0016426963924504046
336,2018-05-04,89.4000015258789,0.050652313708809515
337,2018-05-07,91.83000183105469,0.027181211003361797
338,2018-05-08,93.0,0.01274091414152245
339,2018-05-09,92.45999908447266,-0.005806461457283253
340,2018-05-10,92.48999786376952,0.00032445143406767407
341,2018-05-11,92.88999938964844,0.004324808467052632
342,2018-05-14,94.43000030517578,0.016578759022997325
343,2018-05-15,93.43000030517578,-0.010589854884763716
344,2018-05-16,99.73999786376952,0.06753716726943204
345,2018-05-17,102.43000030517578,0.026970147373377884
346,2018-05-18,102.1999969482422,-0.0022454686737120033
347,2018-05-21,101.38999938964844,-0.007925612355976663
348,2018-05-22,102.26000213623048,0.008580755023368303
349,2018-05-23,104.43000030517578,0.021220400191801717
350,2018-05-24,102.11000061035156,-0.022215835373403103
351,2018-05-25,101.79000091552734,-0.003133872225163592
352,2018-05-29,103.55999755859376,0.017388708391262275
353,2018-05-30,104.7699966430664,0.011684039329838969
354,2018-05-31,106.94000244140624,0.02071209189528433
355,2018-06-01,105.8000030517578,-0.010660177329555045
356,2018-06-04,106.01000213623048,0.001984868416023966
357,2018-06-05,106.66999816894531,0.006225790202953664
358,2018-06-06,105.33999633789062,-0.012468377743367063
359,2018-06-07,104.12999725341795,-0.011486606479379937
360,2018-06-08,106.88999938964844,0.02650535109026797
361,2018-06-11,106.45999908447266,-0.004022830083554307
362,2018-06-12,106.9800033569336,0.004884503822401243
363,2018-06-13,106.9000015258789,-0.0007478204201187832
364,2018-06-14,106.75,-0.0014031947964247007
365,2018-06-15,106.51000213623048,-0.0022482235481922075
366,2018-06-18,108.91000366210938,0.022533109358210183
367,2018-06-19,106.5,-0.022128395749451583
368,2018-06-20,105.58000183105469,-0.008638480459580378
369,2018-06-21,102.0999984741211,-0.0329608192515678
370,2018-06-22,102.02999877929688,-0.0006855993718938302
371,2018-06-25,102.41000366210938,0.003724442687042417
372,2018-06-26,102.4000015258789,-9.766757028417672e-05
373,2018-06-27,101.97000122070312,-0.00419922166765896
374,2018-06-28,102.43000030517578,0.004511121692320375
375,2018-06-29,103.79000091552734,0.013277366067554695
376,2018-07-02,105.4800033569336,0.016282902268993205
377,2018-07-03,107.25,0.016780399950092173
378,2018-07-05,109.86000061035156,0.024335670026587986
379,2018-07-06,106.12000274658205,-0.03404330823767643
380,2018-07-09,108.8499984741211,0.025725552741064032
381,2018-07-10,104.9000015258789,-0.03628844284440935
382,2018-07-11,105.61000061035156,0.006768341984222825
383,2018-07-12,107.33000183105469,0.016286347985633217
384,2018-07-13,108.48999786376952,0.01080775191395933
385,2018-07-16,107.68000030517578,-0.007466103553719683
386,2018-07-17,107.66000366210938,-0.00018570433701459169
387,2018-07-18,107.62000274658205,-0.0003715485246765793
388,2018-07-19,109.31999969482422,0.015796291626615444
389,2018-07-20,107.7699966430664,-0.01417858631617974
390,2018-07-23,107.98999786376952,0.00204139582032048
391,2018-07-24,106.69000244140624,-0.01203810952939588
392,2018-07-25,106.66999816894531,-0.0001874990346157901
393,2018-07-26,105.58999633789062,-0.010124700943035192
394,2018-07-27,101.01000213623048,-0.043375266223175564
395,2018-07-30,97.58999633789062,-0.03385809054560118
396,2018-07-31,100.25,0.027256929623191258
397,2018-08-01,103.13999938964844,0.028827924086268775
398,2018-08-02,103.66000366210938,0.005041732359299722
399,2018-08-03,102.66000366210938,-0.00964692229087316
400,2018-08-06,104.93000030517578,0.022111791954905646
401,2018-08-07,100.93000030517578,-0.03812065175227775
402,2018-08-08,100.04000091552734,-0.008817986594247484
403,2018-08-09,97.62000274658205,-0.024190305345845764
404,2018-08-10,97.9000015258789,0.002868252114515135
405,2018-08-13,98.72000122070312,0.00837589052138532
406,2018-08-14,98.70999908447266,-0.00010131823446912769
407,2018-08-15,98.58000183105469,-0.0013169613476211597
408,2018-08-16,100.1999969482422,0.016433303784715303
409,2018-08-17,100.41000366210938,0.00209587545172929
410,2018-08-20,101.33000183105469,0.009162415450568062
411,2018-08-21,104.2699966430664,0.029014060583098637
412,2018-08-22,104.1500015258789,-0.0011508115570221245
413,2018-08-23,103.20999908447266,-0.009025467380071815
414,2018-08-24,100.91999816894531,-0.02218778157001133
415,2018-08-27,100.25,-0.0066389038951794035
416,2018-08-28,98.66000366210938,-0.015860312597412718
417,2018-08-29,97.13999938964844,-0.015406489114541788
418,2018-08-30,101.33000183105469,0.04313364698098554
419,2018-08-31,107.0,0.05595576893799703
420,2018-09-04,104.19000244140624,-0.026261659426109918
421,2018-09-05,104.97000122070312,0.007486311172087091
422,2018-09-06,102.61000061035156,-0.022482619633294787
423,2018-09-07,105.0199966430664,0.02348695076873164
424,2018-09-10,107.33000183105469,0.021995860424937286
425,2018-09-11,108.41999816894531,0.010155560600906057
426,2018-09-12,109.37000274658205,0.0087622633617499
427,2018-09-13,109.37999725341795,9.138252340612496e-05
428,2018-09-14,111.6500015258789,0.020753376572150373
429,2018-09-17,109.08000183105469,-0.023018357901486763
430,2018-09-18,111.18000030517578,0.019251910880727863
431,2018-09-19,110.08000183105469,-0.009893852051643505
432,2018-09-20,110.01000213623048,-0.0006358983799040763
433,2018-09-21,111.02999877929688,0.009271853679297948
434,2018-09-24,109.43000030517578,-0.014410506094857613
435,2018-09-25,109.16000366210938,-0.0024673000302791732
436,2018-09-26,110.01000213623048,0.007786720828190541
437,2018-09-27,109.97000122070312,-0.000363611623948712
438,2018-09-28,113.30999755859376,0.030371885976317126
439,2018-10-01,110.33999633789062,-0.026211290130575767
440,2018-10-02,108.5,-0.016675696927305198
441,2018-10-03,106.3000030517578,-0.0202764695690526
442,2018-10-04,103.79000091552734,-0.02361243710414873
443,2018-10-05,100.1500015258789,-0.03507080988091482
444,2018-10-08,96.8000030517578,-0.03344980951653265
445,2018-10-09,97.87999725341795,0.011156964541444214
446,2018-10-10,96.66000366210938,-0.012464176803662295
447,2018-10-11,93.8000030517578,-0.029588252658764306
448,2018-10-12,93.58999633789062,-0.0022388774737170936
449,2018-10-15,94.43000030517578,0.008975360617094806
450,2018-10-16,99.30999755859376,0.051678462751741705
451,2018-10-17,101.12999725341795,0.01832644989997489
452,2018-10-18,100.08999633789062,-0.010283802469817416
453,2018-10-19,100.27999877929688,0.0018983159991816656
454,2018-10-22,101.5500030517578,0.012664582049467743
455,2018-10-23,100.98999786376952,-0.0055145757868944045
456,2018-10-24,98.9499969482422,-0.020200029296754463
457,2018-10-25,101.9800033569336,0.0306215917346242
458,2018-10-26,99.68000030517578,-0.02255347103399985
459,2018-10-29,97.98999786376952,-0.016954278052088934
460,2018-10-30,100.70999908447266,0.027757947545673067
461,2018-10-31,100.22000122070312,-0.0048654341001287404
462,2018-11-01,102.5,0.022749937652424283
463,2018-11-02,101.75,-0.007317073170731714
464,2018-11-05,100.87999725341795,-0.00855039554380388
465,2018-11-06,100.87000274658205,-9.907322668534224e-05
466,2018-11-07,100.26000213623048,-0.006047393612986007
467,2018-11-08,102.31999969482422,0.02054655410633921
468,2018-11-09,102.98999786376952,0.006548066565125188
469,2018-11-12,100.4000015258789,-0.025148037592121697
470,2018-11-13,97.76000213623048,-0.026294814238304043
471,2018-11-14,98.36000061035156,0.006137463799202658
472,2018-11-15,99.56999969482422,0.012301739294065415
473,2018-11-16,101.43000030517578,0.018680331586344856
474,2018-11-19,99.18000030517578,-0.02218278609119939
475,2018-11-20,98.25,-0.009376893550253841
476,2018-11-21,97.66000366210938,-0.00600505178514632
477,2018-11-23,99.76000213623048,0.02150315784737034
478,2018-11-26,99.5199966430664,-0.002405828869533555
479,2018-11-27,100.22000122070312,0.0070338082922905
480,2018-11-28,101.98999786376952,0.01766111176918206
481,2018-11-29,103.91999816894531,0.018923427253658254
482,2018-11-30,103.9800033569336,0.0005774171386216942
483,2018-12-03,104.18000030517578,0.0019234174051299124
484,2018-12-04,102.7699966430664,-0.013534302725849769
485,2018-12-06,100.72000122070312,-0.019947411592151517
486,2018-12-07,98.91000366210938,-0.01797058713916799
487,2018-12-10,98.3000030517578,-0.006167228670169944
488,2018-12-11,97.56999969482422,-0.007426280104479875
489,2018-12-12,100.27999877929688,0.0277749215224854
490,2018-12-13,97.79000091552734,-0.024830453670523944
491,2018-12-14,96.66999816894531,-0.011453141794624866
492,2018-12-17,93.55999755859376,-0.032171311360908006
493,2018-12-18,94.88999938964844,0.014215496641304837
494,2018-12-19,89.66999816894531,-0.055011078662443036
495,2018-12-20,85.0999984741211,-0.05096464579171711
496,2018-12-21,83.8499984741211,-0.01468860190849619
497,2018-12-24,84.7300033569336,0.010494989848855996
498,2018-12-26,86.16000366210938,0.016877142080967026
499,2018-12-27,87.01000213623047,0.009865348630375026
500,2018-12-28,89.9000015258789,0.03321456520738386
501,2018-12-31,86.0999984741211,-0.04226922121535148
502,2019-01-02,90.55999755859376,0.05180022257274719
503,2019-01-03,87.0199966430664,-0.039090117170519134
504,2019-01-04,92.9000015258789,0.06757073212644182
505,2019-01-07,91.30999755859376,-0.01711522003411614
506,2019-01-08,89.98999786376953,-0.014456244990885938
507,2019-01-09,93.9800033569336,0.044338321901110415
508,2019-01-10,92.54000091552734,-0.015322434453818425
509,2019-01-11,91.9000015258789,-0.006915921583279916
510,2019-01-14,90.88999938964844,-0.0109902298091481
511,2019-01-15,90.4000015258789,-0.005391108670480871
512,2019-01-16,89.98999786376953,-0.004535438663593404
513,2019-01-17,93.93000030517578,0.04378267068492203
514,2019-01-18,96.87000274658205,0.031299930074036864
515,2019-01-22,97.38999938964844,0.005367984188322295
516,2019-01-23,96.29000091552734,-0.011294778529775895
517,2019-01-24,96.3499984741211,0.0006230923047387815
518,2019-01-25,96.0,-0.0036325737380795697
519,2019-01-28,96.0,0.0
520,2019-01-29,96.0,0.0
521,2019-01-30,98.55999755859376,0.026666641235351785
522,2019-01-31,98.5999984741211,0.0004058534549329362
523,2019-02-01,99.33999633789062,0.007505049444435308
524,2019-02-04,99.11000061035156,-0.002315237930518577
525,2019-02-05,99.11000061035156,0.0
526,2019-02-06,98.1999969482422,-0.009181754177229995
527,2019-02-07,95.83000183105469,-0.0241343705788164
528,2019-02-08,95.33000183105469,-0.0052175726854465365
529,2019-02-11,95.79000091552734,0.0048253338470283244
530,2019-02-12,96.5999984741211,0.008455971926631944
531,2019-02-13,98.62999725341795,0.02101448044888632
532,2019-02-14,97.66999816894531,-0.009733337840475031
533,2019-02-15,97.9499969482422,0.0028667839105778192
534,2019-02-19,98.62999725341795,0.006942320840857885
535,2019-02-20,98.97000122070312,0.003447267329954151
536,2019-02-21,97.0,-0.019905033812316786
537,2019-02-22,98.55999755859376,0.016082449057667647
538,2019-02-25,96.5,-0.0209009497729451
539,2019-02-26,82.91999816894531,-0.1407254075756963
540,2019-02-27,83.36000061035156,0.0053063489040336975
541,2019-02-28,81.79000091552734,-0.018833969329761
542,2019-03-01,84.7699966430664,0.03643471933221765
543,2019-03-04,83.58999633789062,-0.013920023025886241
544,2019-03-05,80.91000366210938,-0.032061165129713354
545,2019-03-06,77.30000305175781,-0.044617481732263764
546,2019-03-07,77.0,-0.0038810225085882393
547,2019-03-08,77.5199966430664,0.006753203156706578
548,2019-03-11,78.36000061035156,0.01083596495950423
549,2019-03-12,79.51000213623047,0.014675874386440356
550,2019-03-13,80.01000213623047,0.006288516998695481
551,2019-03-14,80.18000030517578,0.0021247114661471227
552,2019-03-15,80.83999633789062,0.008231429660798373
553,2019-03-18,81.58999633789062,0.009277585774066566
554,2019-03-19,82.20999908447266,0.007599004466361192
555,2019-03-20,83.51000213623047,0.015813198713480414
556,2019-03-21,85.9000015258789,0.028619318985881662
557,2019-03-22,82.0199966430664,-0.0451688569719475
558,2019-03-25,85.31999969482422,0.04023412810072058
559,2019-03-26,87.80000305175781,0.02906708117445112
560,2019-03-27,85.73999786376953,-0.023462472851782382
561,2019-03-28,83.56999969482422,-0.02530905321916588
562,2019-03-29,85.12000274658203,0.018547362180423743
563,2019-04-01,84.8499984741211,-0.003172042572235245
564,2019-04-02,83.87999725341797,-0.01143195330756508
565,2019-04-03,83.23999786376953,-0.0076299405174617965
566,2019-04-04,81.4800033569336,-0.021143615473373067
567,2019-04-05,78.08999633789062,-0.04160538634482636
568,2019-04-08,79.97000122070312,0.02407484916093261
569,2019-04-09,77.47000122070312,-0.03126172266898486
570,2019-04-10,79.37999725341797,0.024654653448029414
571,2019-04-11,77.5999984741211,-0.022423769726449997
572,2019-04-12,75.87999725341797,-0.02216496462015693
573,2019-04-15,75.87000274658203,-0.00013171464414474252
574,2019-04-16,74.66000366210938,-0.0159483200299102
575,2019-04-17,73.4000015258789,-0.016876534615948957
576,2019-04-18,74.44000244140625,0.014168949508273075
577,2019-04-22,74.63999938964844,0.0026866864815005
578,2019-04-23,76.11000061035156,0.019694550277649103
579,2019-04-24,75.58999633789062,-0.006832272609260892
580,2019-04-25,77.0199966430664,0.01891785122972633
581,2019-04-26,76.8499984741211,-0.0022071952266258248
582,2019-04-29,77.83000183105469,0.012752158443615436
583,2019-04-30,77.66000366210938,-0.002184224141666191
584,2019-05-01,74.05999755859375,-0.04635598678540986
585,2019-05-02,75.91999816894531,0.02511478087587027
586,2019-05-03,79.27999877929688,0.0442571218570702
587,2019-05-06,81.44000244140625,0.02724525347335693
588,2019-05-07,81.87000274658203,0.005279964296233342
589,2019-05-08,81.62000274658203,-0.003053621492768777
590,2019-05-09,79.56999969482422,-0.025116429585560814
591,2019-05-10,78.88999938964844,-0.00854593826547434
592,2019-05-13,77.58000183105469,-0.016605369105448853
593,2019-05-14,78.83999633789062,0.016241228114170614
594,2019-05-15,80.0199966430664,0.01496702638237779
595,2019-05-16,78.4000015258789,-0.02024487859470403
596,2019-05-17,78.12999725341797,-0.003443931979667303
597,2019-05-20,77.83999633789062,-0.003711774295687143
598,2019-05-21,78.56999969482422,0.009378255283630343
599,2019-05-22,78.69000244140625,0.0015273354594391721
600,2019-05-23,74.0999984741211,-0.05833020491647512
601,2019-05-24,74.80000305175781,0.009446755628222949
602,2019-05-28,76.12000274658203,0.017647054023658848
603,2019-05-29,74.5999984741211,-0.0199685262429814
604,2019-05-30,72.75,-0.024798907667040515
605,2019-05-31,70.09999847412111,-0.03642613781276827
606,2019-06-03,70.76000213623047,0.009415173701508905
607,2019-06-04,72.55999755859375,0.025438035161415632
608,2019-06-05,72.87999725341797,0.004410139272204461
609,2019-06-06,71.87000274658203,-0.013858322515079012
610,2019-06-07,72.70999908447266,0.011687718182681994
611,2019-06-10,73.36000061035156,0.008939644258883161
612,2019-06-11,75.12000274658203,0.02399130481989276
613,2019-06-12,77.66999816894531,0.03394562472216234
614,2019-06-13,77.9000015258789,0.002961289588719884
615,2019-06-14,79.4800033569336,0.0202824364583587
616,2019-06-17,78.72000122070312,-0.00956218047472146
617,2019-06-18,81.19999694824219,0.031504010277972894
618,2019-06-19,83.01000213623047,0.022290705123326537
619,2019-06-20,83.69000244140625,0.008191787587956023
620,2019-06-21,83.83000183105469,0.0016728329019521926
621,2019-06-24,84.05999755859375,0.002743596833059581
622,2019-06-25,82.08000183105469,-0.02355455371217341
623,2019-06-26,82.06999969482422,-0.0001218583821557262
624,2019-06-27,83.81999969482422,0.021323260710458758
625,2019-06-28,85.16999816894531,0.016105923157196722
626,2019-07-01,84.08000183105469,-0.01279789082217053
627,2019-07-02,82.5999984741211,-0.017602323081622018
628,2019-07-03,83.05999755859375,0.0055689962829330595
629,2019-07-05,81.18000030517578,-0.022634207906059082
630,2019-07-08,80.4800033569336,-0.008622775875963606
631,2019-07-09,80.87999725341797,0.004970102880219596
632,2019-07-10,82.80000305175781,0.023738944900356215
633,2019-07-11,82.80999755859375,0.00012070659984986246
634,2019-07-12,80.7699966430664,-0.024634717735426803
635,2019-07-15,81.1500015258789,0.004704777746763922
636,2019-07-16,79.58000183105469,-0.019346884353705684
637,2019-07-17,80.30000305175781,0.009047514502847907
638,2019-07-18,80.79000091552734,0.0061020902259953935
639,2019-07-19,80.20999908447266,-0.00717912890805794
640,2019-07-22,79.58000183105469,-0.007854348093864094
641,2019-07-23,80.72000122070312,0.014325199339258797
642,2019-07-24,81.38999938964844,0.008300274514533523
643,2019-07-25,80.05999755859375,-0.016341096461831902
644,2019-07-26,80.30999755859375,0.0031226581017196327
645,2019-07-29,80.45999908447266,0.0018677814772620762
646,2019-07-30,81.54000091552734,0.013422841702009249
647,2019-07-31,80.13999938964844,-0.01716950588864064
648,2019-08-01,81.69999694824219,0.019465904298412662
649,2019-08-02,79.25,-0.029987723864840388
650,2019-08-05,73.11000061035156,-0.0774763329924093
651,2019-08-06,78.69000244140625,0.07632337278717816
652,2019-08-07,72.4000015258789,-0.07993392706031455
653,2019-08-08,74.54000091552734,0.029558001996498717
654,2019-08-09,74.4000015258789,-0.0018781779974365032
655,2019-08-12,73.6500015258789,-0.010080644954545082
656,2019-08-13,74.0999984741211,0.0061099380708644615
657,2019-08-14,72.18000030517578,-0.025910906997061
658,2019-08-15,72.0,-0.002493769803473822
659,2019-08-16,72.94000244140625,0.01305558946397567
660,2019-08-19,73.88999938964844,0.01302436134417917
661,2019-08-20,74.16999816894531,0.0037894002112564
662,2019-08-21,75.13999938964844,0.01307808068828109
663,2019-08-22,75.44999694824219,0.004125599695392834
664,2019-08-23,71.70999908447266,-0.04956922485146187
665,2019-08-26,72.45999908447266,0.01045879249163728
666,2019-08-27,70.04000091552734,-0.033397711834416643
667,2019-08-28,70.38999938964844,0.004997122637722562
668,2019-08-29,71.04000091552734,0.009234287988564738
669,2019-08-30,70.19000244140625,-0.011965068456739059
670,2019-09-03,68.88999938964844,-0.018521199694259027
671,2019-09-04,68.33999633789061,-0.007983786567437146
672,2019-09-05,69.37000274658203,0.01507179490614541
673,2019-09-06,69.26000213623047,-0.0015857086059720693
674,2019-09-09,68.04000091552734,-0.01761480195024323
675,2019-09-10,69.76999664306639,0.025426156735166128
676,2019-09-11,71.61000061035156,0.026372424477793418
677,2019-09-12,64.16999816894531,-0.10389613710365986
678,2019-09-13,67.01999664306639,0.0444132547209628
679,2019-09-16,69.12000274658203,0.031334022809637034
680,2019-09-17,69.98000335693361,0.0124421379655415
681,2019-09-18,70.02999877929689,0.0007144244064734018
682,2019-09-19,71.43000030517578,0.019991454380730026
683,2019-09-20,72.7699966430664,0.01875957345884993
684,2019-09-23,72.81999969482422,0.0006871382996356258
685,2019-09-24,71.83999633789062,-0.013457887407863469
686,2019-09-25,71.62999725341797,-0.0029231499885516987
687,2019-09-26,70.12000274658203,-0.021080476961262033
688,2019-09-27,69.40000152587889,-0.010268128814901356
689,2019-09-30,70.87000274658203,0.021181573319634328
690,2019-10-01,69.45999908447266,-0.019895634365237558
691,2019-10-02,69.38999938964844,-0.0010077698783020894
692,2019-10-03,71.72000122070312,0.03357835209034854
693,2019-10-04,71.69000244140625,-0.0004182763355589092
694,2019-10-07,73.73999786376953,0.028595276224725907
695,2019-10-08,72.7699966430664,-0.01315434294553608
696,2019-10-09,74.08999633789062,0.01813933977898552
697,2019-10-10,72.58999633789062,-0.020245648186553944
698,2019-10-11,72.97000122070312,0.00523494836731575
699,2019-10-14,73.12999725341797,0.002192627518682988
700,2019-10-15,73.91999816894531,0.01080269308352011
701,2019-10-16,74.6500015258789,0.009875586783229641
702,2019-10-17,76.5,0.02478229653457875
703,2019-10-18,75.93000030517578,-0.00745097640293091
704,2019-10-21,74.11000061035156,-0.023969441426436533
705,2019-10-22,74.02999877929688,-0.0010795011522846119
706,2019-10-23,75.05000305175781,0.013778255967582087
707,2019-10-24,74.47000122070312,-0.007728205296070324
708,2019-10-25,73.98999786376953,-0.006445593515045478
709,2019-10-28,75.77999877929688,0.02419247151247528
710,2019-10-29,78.8499984741211,0.040512005070959985
711,2019-10-30,78.91999816894531,0.0008877577194525976
712,2019-10-31,81.0199966430664,0.02660920581403969
713,2019-11-01,82.43000030517578,0.017403156264263364
714,2019-11-04,86.13999938964844,0.04500787420523289
715,2019-11-05,94.3000030517578,0.09472955328451003
716,2019-11-06,92.33999633789062,-0.020784800110678625
717,2019-11-07,90.6500015258789,-0.01830187220094404
718,2019-11-08,91.58000183105469,0.010259242024505566
719,2019-11-11,89.37000274658203,-0.024131896050292975
720,2019-11-12,92.20999908447266,0.031777959612955715
721,2019-11-13,91.62999725341795,-0.006290010159563764
722,2019-11-14,90.86000061035156,-0.00840332496067675
723,2019-11-15,92.22000122070312,0.014968089381639516
724,2019-11-18,92.08000183105469,-0.0015181022315688966
725,2019-11-19,91.72000122070312,-0.003909650338757342
726,2019-11-20,92.16999816894531,0.0049062030337241325
727,2019-11-21,92.18000030517578,0.00010851835118996789
728,2019-11-22,92.41999816894531,0.002603578465773193
729,2019-11-25,94.3000030517578,0.020341970569787367
730,2019-11-26,94.41000366210938,0.0011664963604636205
731,2019-11-27,94.72000122070312,0.003283524484367417
732,2019-11-29,95.5,0.008234784303680742
733,2019-12-02,94.88999938964844,-0.006387440946089673
734,2019-12-03,95.29000091552734,0.0042154234213489525
735,2019-12-04,96.0999984741211,0.008500341597349692
736,2019-12-05,94.45999908447266,-0.01706555063151305
737,2019-12-06,95.7300033569336,0.01344488973925584
738,2019-12-09,93.54000091552734,-0.02287686581646431
739,2019-12-10,95.16000366210938,0.017318823291919694
740,2019-12-11,95.12999725341795,-0.0003153258463289843
741,2019-12-12,93.5999984741211,-0.01608324212625678
742,2019-12-13,93.45999908447266,-0.0014957199992599035
743,2019-12-16,93.88999938964844,0.0046009020906059295
744,2019-12-17,94.05999755859376,0.0018106099696499898
745,2019-12-18,95.58000183105469,0.016159943779650243
746,2019-12-19,95.47000122070312,-0.0011508747462256608
747,2019-12-20,96.45999908447266,0.010369727151054551
748,2019-12-23,96.9499969482422,0.005079803736473654
749,2019-12-24,96.87999725341795,-0.0007220185356129338
750,2019-12-26,96.87000274658205,-0.00010316378116492776
751,2019-12-27,97.58999633789062,0.007432575316345558
752,2019-12-30,97.30999755859376,-0.00286913402811706
753,2019-12-31,95.94000244140624,-0.014078667676079237
754,2020-01-02,97.01000213623048,0.011152800371020843
755,2020-01-03,96.43000030517578,-0.005978783819014954
756,2020-01-06,95.66000366210938,-0.007985032050498497
757,2020-01-07,93.70999908447266,-0.02038474287043235
758,2020-01-08,94.08000183105469,0.00394838064450842
759,2020-01-09,96.45999908447266,0.0252975893611469
760,2020-01-10,96.23999786376952,-0.002280750806461063
761,2020-01-13,97.4499969482422,0.01257272559570777
762,2020-01-14,96.7300033569336,-0.007388338777383541
763,2020-01-15,97.98999786376952,0.013025891275807666
764,2020-01-16,106.38999938964844,0.0857230504031341
765,2020-01-17,107.93000030517578,0.014475053335484713
766,2020-01-21,105.66000366210938,-0.021032119305549046
767,2020-01-22,106.83000183105469,0.01107323611957134
768,2020-01-23,109.0,0.020312628772365168
769,2020-01-24,103.86000061035156,-0.04715595770319669
770,2020-01-27,106.4800033569336,0.025226292424274318
771,2020-01-28,103.56999969482422,-0.027329109413668062
772,2020-01-29,103.12000274658205,-0.004344858062837909
773,2020-01-30,101.9000015258789,-0.011830888171146524
774,2020-01-31,100.19000244140624,-0.016781148762185172
775,2020-02-03,100.11000061035156,-0.0007985011388882413
776,2020-02-04,101.44000244140624,0.013285404284745894
777,2020-02-05,100.58000183105469,-0.008477923793902775
778,2020-02-06,100.11000061035156,-0.004672909247830259
779,2020-02-07,98.48999786376952,-0.016182226917442755
780,2020-02-10,100.55999755859376,0.021017359526065205
781,2020-02-11,101.20999908447266,0.0064638180355975905
782,2020-02-12,101.0,-0.002074884758149098
783,2020-02-13,103.2300033569336,0.02207924115775839
784,2020-02-14,103.06999969482422,-0.0015499724586478525
785,2020-02-18,102.97000122070312,-0.0009701996159616756
786,2020-02-19,103.18000030517578,0.0020394200445092987
787,2020-02-20,102.8000030517578,-0.003682857649680793
788,2020-02-21,100.97000122070312,-0.017801573703585486
789,2020-02-24,94.91000366210938,-0.060017802172227734
790,2020-02-25,99.7699966430664,0.05120633013838205
791,2020-02-26,99.69000244140624,-0.0008017861516659286
792,2020-02-27,97.54000091552734,-0.021566872035564174
793,2020-02-28,95.47000122070312,-0.021222059415571537
794,2020-03-02,93.93000030517578,-0.01613073107611307
795,2020-03-03,95.66000366210938,0.01841800650817493
796,2020-03-04,97.18000030517578,0.015889573331351103
797,2020-03-05,95.37000274658205,-0.0186252063481146
798,2020-03-06,92.9800033569336,-0.0250602843747334
799,2020-03-09,83.86000061035156,-0.09808563580678707
800,2020-03-10,85.8499984741211,0.02373000058771635
801,2020-03-11,81.83000183105469,-0.046825820786452366
802,2020-03-12,70.36000061035156,-0.14016865408831305
803,2020-03-13,81.73999786376953,0.16173958434764013
804,2020-03-16,70.19000244140625,-0.14130163597034673
805,2020-03-17,69.73000335693361,-0.006553626848163185
806,2020-03-18,52.7599983215332,-0.24336733426692125
807,2020-03-19,56.16999816894531,0.06463229635889456
808,2020-03-20,59.77999877929688,0.06426919579903823
809,2020-03-23,58.540000915527344,-0.020742688007530985
810,2020-03-24,60.70000076293945,0.03689784444193922
811,2020-03-25,59.4000015258789,-0.021416791115664524
812,2020-03-26,58.290000915527344,-0.018686878482115143
813,2020-03-27,53.40999984741211,-0.08371935137189701
814,2020-03-30,56.52999877929688,0.05841600712971995
815,2020-03-31,55.29999923706055,-0.02175835076590871
816,2020-04-01,52.16999816894531,-0.0566003817594557
817,2020-04-02,59.81000137329102,0.14644438321819786
818,2020-04-03,54.22999954223633,-0.09329546401827238
819,2020-04-06,56.02999877929688,0.03319194638123957
820,2020-04-07,56.0,-0.0005354056746467162
821,2020-04-08,60.959999084472656,0.08857141222272591
822,2020-04-09,64.83000183105469,0.06348429797742194
823,2020-04-13,65.77999877929689,0.014653662215186491
824,2020-04-14,65.61000061035156,-0.0025843443615086725
825,2020-04-15,62.83000183105469,-0.04237157069707853
826,2020-04-16,60.93999862670898,-0.030081221538522218
827,2020-04-17,59.08000183105469,-0.030521772851486162
828,2020-04-20,62.43000030517578,0.05670274831237743
829,2020-04-21,61.52999877929688,-0.014416170454580103
830,2020-04-22,64.47000122070311,0.04778161059212405
831,2020-04-23,66.23000335693361,0.02729955177455956
832,2020-04-24,63.81000137329102,-0.03653936072750075
833,2020-04-27,69.36000061035156,0.0869769490301815
834,2020-04-28,69.58000183105469,0.0031718745496995826
835,2020-04-29,72.30999755859375,0.039235350038761004
836,2020-04-30,70.80000305175781,-0.020882237004812062
837,2020-05-01,69.08000183105469,-0.024293801505145814
838,2020-05-04,69.38999938964844,0.004487515205223946
839,2020-05-05,69.73000335693361,0.0048998986925470325
840,2020-05-06,70.16999816894531,0.006309978356941359
841,2020-05-07,72.19000244140625,0.02878729264888192
842,2020-05-08,81.52999877929688,0.1293807455605993
843,2020-05-11,82.29000091552734,0.009321748406838635
844,2020-05-12,77.69999694824219,-0.05577839246832561
845,2020-05-13,76.0,-0.02187898346218209
846,2020-05-14,75.8499984741211,-0.0019737042878803512
847,2020-05-15,72.8499984741211,-0.03955174766448488
848,2020-05-18,80.44999694824219,0.10432393456838418
849,2020-05-19,80.37000274658203,-0.0009943344275279429
850,2020-05-20,82.44999694824219,0.025880230565857643
851,2020-05-21,81.0999984741211,-0.01637354183249462
852,2020-05-22,81.62999725341797,0.006535126871377139
853,2020-05-26,80.08000183105469,-0.018988061674819926
854,2020-05-27,87.0,0.08641356157239466
855,2020-05-28,86.5199966430664,-0.0055172799647539295
856,2020-05-29,87.93000030517578,0.016296852945178353
857,2020-06-01,85.05999755859375,-0.03263963080428989
858,2020-06-02,86.69999694824219,0.01928050125464353
859,2020-06-03,86.30999755859375,-0.004498263014718007
860,2020-06-04,89.58999633789062,0.03800253588317126
861,2020-06-05,91.02999877929688,0.01607325036575791
862,2020-06-08,95.62999725341795,0.05053277530272005
863,2020-06-09,92.69000244140624,-0.03074343716878692
864,2020-06-10,90.91000366210938,-0.019203783929362617
865,2020-06-11,82.0,-0.09800905624452194
866,2020-06-12,87.29000091552734,0.06451220628691877
867,2020-06-15,89.86000061035156,0.029442085781523412
868,2020-06-16,89.4000015258789,-0.005119063892145892
869,2020-06-17,89.22000122070312,-0.002013426198026136
870,2020-06-18,89.6500015258789,0.00481955054127492
871,2020-06-19,88.08999633789062,-0.01740106147726006
872,2020-06-22,90.55999755859376,0.02803952007477495
873,2020-06-23,92.48999786376952,0.021311841400249776
874,2020-06-24,90.75,-0.01881282196948908
875,2020-06-25,91.6999969482422,0.010468285931043651
876,2020-06-26,89.83999633789062,-0.020283540591625186
877,2020-06-29,91.16000366210938,0.0146928693012649
878,2020-06-30,93.16999816894531,0.02204908321730792
879,2020-07-01,92.83000183105469,-0.003649204084710922
880,2020-07-02,92.0500030517578,-0.008402442786939135
881,2020-07-06,92.16999816894531,0.0013035862380150751
882,2020-07-07,90.7300033569336,-0.01562324878614241
883,2020-07-08,90.16000366210938,-0.006282372685271764
884,2020-07-09,90.20999908447266,0.000554518859056996
885,2020-07-10,91.83999633789062,0.01806891996408999
886,2020-07-13,92.58000183105469,0.008057551422818944
887,2020-07-14,92.66000366210938,0.0008641372809721215
888,2020-07-15,95.70999908447266,0.032915986421555576
889,2020-07-16,95.62000274658205,-0.0009403023587032376
890,2020-07-17,95.66999816894531,0.0005228552701024292
891,2020-07-20,96.13999938964844,0.004912733664666158
892,2020-07-21,96.95999908447266,0.008529225088725223
893,2020-07-22,99.02999877929688,0.02134900695513431
894,2020-07-23,99.66000366210938,0.0063617579579755565
895,2020-07-24,97.62999725341795,-0.020369319025654642
896,2020-07-27,96.8000030517578,-0.00850142604742421
897,2020-07-28,96.0,-0.008264494075790996
898,2020-07-29,95.5199966430664,-0.005000034968058231
899,2020-07-30,97.33999633789062,0.01905359881476021
900,2020-07-31,96.22000122070312,-0.011506011499114122
901,2020-08-03,101.22000122070312,0.05196424793771648
902,2020-08-04,99.98999786376952,-0.012151781684448635
903,2020-08-05,107.61000061035156,0.07620764985877737
904,2020-08-06,103.5199966430664,-0.038007656761333775
905,2020-08-07,105.0,0.014296787141875544
906,2020-08-10,102.45999908447266,-0.02419048490978426
907,2020-08-11,102.5199966430664,0.0005855705556301327
908,2020-08-12,102.13999938964844,-0.0037065671660229116
909,2020-08-13,106.0999984741211,0.03877030652179525
910,2020-08-14,105.76000213623048,-0.0032044895643758013
911,2020-08-17,106.98999786376952,0.011630065267535405
912,2020-08-18,105.79000091552734,-0.011215973195645157
913,2020-08-19,106.23999786376952,0.004253681296415568
914,2020-08-20,104.95999908447266,-0.012048181523292123
915,2020-08-21,103.75,-0.011528192597437427
916,2020-08-24,103.58999633789062,-0.001542203972138556
917,2020-08-25,102.97000122070312,-0.005985086775804005
918,2020-08-26,100.36000061035156,-0.025347194128485632
919,2020-08-27,103.33999633789062,0.0296930620707041
920,2020-08-28,103.33999633789062,0.0
921,2020-08-31,103.5999984741211,0.002515987472849757
922,2020-09-01,100.4499969482422,-0.03040542058179418
923,2020-09-02,99.80999755859376,-0.006371323136806106
924,2020-09-03,98.33999633789062,-0.014727995758542778
925,2020-09-04,97.69000244140624,-0.00660965955551851
926,2020-09-08,96.3000030517578,-0.01422867596387001
927,2020-09-09,99.41999816894531,0.03239870216318308
928,2020-09-10,97.2300033569336,-0.022027709237031345
929,2020-09-11,94.98999786376952,-0.02303821264863037
930,2020-09-14,100.01000213623048,0.052847714342097785
931,2020-09-15,97.3000030517578,-0.027097280537812685
932,2020-09-16,98.08999633789062,0.00811914965421523
933,2020-09-17,96.70999908447266,-0.01406868493158353
934,2020-09-18,98.81999969482422,0.021817812328883912
935,2020-09-21,97.0,-0.0184173213969312
936,2020-09-22,97.7300033569336,0.007525807803439033
937,2020-09-23,97.48999786376952,-0.0024558015442557317
938,2020-09-24,97.16999816894531,-0.0032823848788197107
939,2020-09-25,98.62000274658205,0.014922348512507622
940,2020-09-28,100.44000244140624,0.018454670899786363
941,2020-09-29,98.98999786376952,-0.01443652471516621
942,2020-09-30,98.79000091552734,-0.0020203753162759686
943,2020-10-01,98.58000183105469,-0.002125711939735875
944,2020-10-02,96.0999984741211,-0.025157266290010805
945,2020-10-05,98.58000183105469,0.025806486954330632
946,2020-10-06,99.2699966430664,0.006999338600076621
947,2020-10-07,104.16000366210938,0.04925966741618204
948,2020-10-08,106.33000183105469,0.020833315021615118
949,2020-10-09,107.33000183105469,0.009404683370445976
950,2020-10-12,105.6999969482422,-0.01518685227806327
951,2020-10-13,106.48999786376952,0.007473991848023997
952,2020-10-14,104.08999633789062,-0.02253734222954129
953,2020-10-15,104.18000030517578,0.000864674516780628
954,2020-10-16,105.0,0.007870989560589292
955,2020-10-19,103.73999786376952,-0.01200002034505221
956,2020-10-20,104.41999816894531,0.006554851736827461
957,2020-10-21,115.19000244140624,0.10314120342193167
958,2020-10-22,120.77999877929688,0.04852848528008424
959,2020-10-23,120.3499984741211,-0.003560194647472481
960,2020-10-26,114.62999725341795,-0.047528053952847434
961,2020-10-27,112.25,-0.020762429647070316
962,2020-10-28,111.98999786376952,-0.002316277382899634
963,2020-10-29,115.9499969482422,0.035360292526211534
964,2020-10-30,117.33000183105469,0.01190172418399027
965,2020-11-02,115.3000030517578,-0.017301617213131167
966,2020-11-03,116.41000366210938,0.009627064882672176
967,2020-11-04,123.98999786376952,0.06511462901128118
968,2020-11-05,121.91000366210938,-0.016775499939482796
969,2020-11-06,125.23999786376952,0.02731518416560541
970,2020-11-09,122.22000122070312,-0.024113675300053927
971,2020-11-10,125.9800033569336,0.03076421288395115
972,2020-11-11,125.88999938964844,-0.0007144305833216569
973,2020-11-12,124.5999984741211,-0.01024704838971835
974,2020-11-13,125.48999786376952,0.007142852331842199
975,2020-11-16,126.73999786376952,0.009960953233555614
976,2020-11-17,128.3699951171875,0.01286095377064811
977,2020-11-18,127.18000030517578,-0.009270038617087972
978,2020-11-19,123.4000015258789,-0.02972164467861726
979,2020-11-20,126.9499969482422,0.028768195935709118
980,2020-11-23,129.17999267578122,0.017565937622260774
981,2020-11-24,128.91000366210938,-0.002090021899517125
982,2020-11-25,126.3499984741211,-0.019858855909262063
983,2020-11-27,127.48999786376952,0.00902255166929744
984,2020-11-30,125.0,-0.01953092717461824
985,2020-12-01,123.95999908447266,-0.008320007324218781
986,2020-12-02,122.73999786376952,-0.009841894399109874
987,2020-12-03,123.83000183105469,0.008880593011700855
988,2020-12-04,127.62999725341795,0.03068719507529138
989,2020-12-07,130.5,0.02248689813009608
990,2020-12-08,139.27999877929688,0.06727968413254315
991,2020-12-09,140.22000122070312,0.006749012418472145
992,2020-12-10,139.5,-0.005134796850913337
993,2020-12-11,141.75,0.016129032258064502
994,2020-12-14,140.83999633789062,-0.006419778921406549
995,2020-12-15,142.89999389648438,0.014626509600664804
996,2020-12-16,147.00999450683594,0.02876137708815318
997,2020-12-17,150.0399932861328,0.020610835266414274
998,2020-12-18,145.0,-0.03359099914461694
999,2020-12-21,148.50999450683594,0.02420685866783412
1000,2020-12-22,151.17999267578125,0.017978575636014904
1001,2020-12-23,150.5800018310547,-0.0039687185725250105
1002,2020-12-24,147.75,-0.01879400847816326
1003,2020-12-28,146.74000549316406,-0.006835834225623949
1004,2020-12-29,142.50999450683594,-0.028826569633222388
1005,2020-12-30,146.77000427246094,0.02989270879117645
1006,2020-12-31,145.64999389648438,-0.007631057732323866
1007,2021-01-04,143.92999267578125,-0.011809140355512504
1008,2021-01-05,150.7899932861328,0.04766206461084521
1009,2021-01-06,158.52999877929688,0.051329702485475526
1010,2021-01-07,155.1300048828125,-0.02144700638784336
1011,2021-01-08,153.58999633789062,-0.00992721263745988
1012,2021-01-11,154.47999572753906,0.005794644253330761
1013,2021-01-12,154.25999450683594,-0.0014241405151974587
1014,2021-01-13,152.3699951171875,-0.012252038486651684
1015,2021-01-14,161.6699981689453,0.0610356589209391
1016,2021-01-15,160.3300018310547,-0.008288466339254397
1017,2021-01-19,164.58999633789062,0.026570164399579044
1018,2021-01-20,166.75999450683594,0.013184265248359806
1019,2021-01-21,163.7100067138672,-0.018289685136945292
1020,2021-01-22,165.38999938964844,0.01026200358489726
1021,2021-01-25,167.10000610351562,0.010339238890971323
1022,2021-01-26,174.66000366210938,0.04524235357544182
1023,2021-01-27,172.7100067138672,-0.0111645305585506
1024,2021-01-28,173.8699951171875,0.006716393713319002
1025,2021-01-29,167.36000061035156,-0.037441736295260375
1026,2021-02-01,180.8300018310547,0.0804851886447111
1027,2021-02-02,180.69000244140625,-0.0007742044363813205
1028,2021-02-03,180.52999877929688,-0.000885514748727001
1029,2021-02-04,186.6699981689453,0.03401096455528574
1030,2021-02-05,190.0,0.017838977145330448
1031,2021-02-08,203.91000366210938,0.07321054559004936
1032,2021-02-09,200.9900054931641,-0.014320033919394626
1033,2021-02-10,197.17999267578125,-0.018956230226643944
1034,2021-02-11,196.05999755859366,-0.0056800647063069976
1035,2021-02-12,196.6999969482422,0.003264303772406496
1036,2021-02-16,197.4499969482422,0.0038129131247386368
1037,2021-02-17,198.83999633789062,0.007039753918116398
1038,2021-02-18,187.55999755859366,-0.056729023270191366
1039,2021-02-19,190.7100067138672,0.01679467475088581
1040,2021-02-22,188.5500030517578,-0.011326116019439671
1041,2021-02-23,196.52999877929688,0.04232296790442658
1042,2021-02-24,207.3000030517578,0.05480081585181118
1043,2021-02-25,190.50999450683602,-0.08099376892305077
1044,2021-02-26,188.3999938964844,-0.011075537615827802
1045,2021-03-01,201.38999938964844,0.06894907597662314
1046,2021-03-02,188.69000244140625,-0.0630617060764288
1047,2021-03-03,179.85000610351562,-0.04684930957397016
1048,2021-03-04,166.8800048828125,-0.07211565627213834
1049,2021-03-05,171.67999267578125,0.028763109135449882
1050,2021-03-08,175.22999572753906,0.0206780242498148
1051,2021-03-09,179.1300048828125,0.022256515724268237
1052,2021-03-10,182.44000244140625,0.01847818605687612
1053,2021-03-11,190.0,0.0414382671422171
1054,2021-03-12,186.97999572753903,-0.01589475932874196
1055,2021-03-15,184.4900054931641,-0.013316880368332451
1056,2021-03-16,182.5,-0.010786521946511751
1057,2021-03-17,188.2700042724609,0.03161646176690902
1058,2021-03-18,178.69000244140625,-0.05088437676556623
1059,2021-03-19,177.64999389648438,-0.00582018317036459
1060,2021-03-22,177.89999389648438,0.001407261517530234
1061,2021-03-23,172.41000366210938,-0.030859979891677214
1062,2021-03-24,168.25999450683594,-0.0240705821421282
1063,2021-03-25,172.91000366210938,0.027635857049101098
1064,2021-03-26,171.3000030517578,-0.009311205692284495
1065,2021-03-29,167.1300048828125,-0.024343246320231327
1066,2021-03-30,164.7100067138672,-0.014479734926365562
1067,2021-03-31,168.4600067138672,0.02276728703262365
1068,2021-04-01,172.55999755859375,0.024338066492485044
1069,2021-04-05,171.36000061035156,-0.0069540853339125075
1070,2021-04-06,173.72000122070312,0.013772179049636346
1071,2021-04-07,170.30999755859375,-0.01962930945284258
1072,2021-04-08,172.97000122070312,0.015618599613884896
1073,2021-04-09,176.97999572753906,0.02318317903992684
1074,2021-04-12,177.9499969482422,0.005480852322973462
1075,2021-04-13,180.66000366210938,0.015229034899367775
1076,2021-04-14,177.82000732421875,-0.01572011668505391
1077,2021-04-15,179.58999633789062,0.009953823758676705
1078,2021-04-16,179.5500030517578,-0.00022269217076864575
1079,2021-04-19,172.64999389648438,-0.03842945718739088
1080,2021-04-20,169.88999938964844,-0.015986067792685518
1081,2021-04-21,173.85000610351562,0.0233092396732828
1082,2021-04-22,176.27000427246094,0.0139200349955948
1083,2021-04-23,182.3300018310547,0.034379062867819554
1084,2021-04-26,182.63999938964844,0.0017002004907618053
1085,2021-04-27,179.72000122070312,-0.0159877254637727
1086,2021-04-28,182.8000030517578,0.0171377799362038
1087,2021-04-29,181.5399932861328,-0.006892832300819164
1088,2021-04-30,182.6499938964844,0.006114358551297715
1089,2021-05-03,192.07000732421875,0.05157412396670025
1090,2021-05-04,191.13999938964844,-0.004842025819265182
1091,2021-05-05,188.6199951171875,-0.01318407596791804
1092,2021-05-06,203.0500030517578,0.07650306599576108
1093,2021-05-07,200.0500030517578,-0.014774685815864275
1094,2021-05-10,196.77999877929688,-0.016345934629228176
1095,2021-05-11,190.97000122070312,-0.029525346044493524
1096,2021-05-12,180.8000030517578,-0.05325442794123403
1097,2021-05-13,187.0200042724609,0.034402661038243965
1098,2021-05-14,192.3999938964844,0.028766920656175587
1099,2021-05-17,195.3600006103516,0.015384650768023091
1100,2021-05-18,198.2100067138672,0.014588483285275844
1101,2021-05-19,194.0800018310547,-0.02083651048342128
1102,2021-05-20,198.0,0.02019784692890525
1103,2021-05-21,204.25999450683602,0.031616133872909284
1104,2021-05-24,205.16000366210938,0.004406193965912575
1105,2021-05-25,199.7100067138672,-0.02656461713277269
1106,2021-05-26,203.7400054931641,0.020179253136127784
1107,2021-05-27,199.72999572753903,-0.019681994981391115
1108,2021-05-28,198.1499938964844,-0.00791068875408174
1109,2021-06-01,196.2899932861328,-0.00938683152987263
1110,2021-06-02,193.4499969482422,-0.014468370446937384
1111,2021-06-03,198.3999938964844,0.025587991865239523
1112,2021-06-04,196.5500030517578,-0.009324550915519871
1113,2021-06-07,196.0200042724609,-0.0026965086291926843
1114,2021-06-08,198.3999938964844,0.012141565004331945
1115,2021-06-09,202.97000122070312,0.023034311818593837
1116,2021-06-10,206.0500030517578,0.015174665283199218
1117,2021-06-11,206.22000122070312,0.0008250335667434605
1118,2021-06-14,218.72000122070312,0.060614876956683224
1119,2021-06-15,221.8500061035156,0.014310556260714646
1120,2021-06-16,221.00999450683602,-0.0037863942914999615
1121,2021-06-17,229.7100067138672,0.03936479083873312
1122,2021-06-18,230.8600006103516,0.005006285589973736
1123,2021-06-21,231.3699951171875,0.0022091072749179648
1124,2021-06-22,226.1999969482422,-0.022345153987347155
1125,2021-06-23,224.50999450683602,-0.007471275261744846
1126,2021-06-24,229.25,0.02111267030038455
1127,2021-06-25,224.44000244140625,-0.020981450637268303
1128,2021-06-28,219.69000244140625,-0.021163785191278702
1129,2021-06-29,224.6100006103516,0.022395184643222654
1130,2021-06-30,229.72999572753903,0.02279504520401776
1131,2021-07-01,236.0,0.027292928172502284
1132,2021-07-02,230.3600006103516,-0.023898302498510212
1133,2021-07-06,234.8999938964844,0.01970825349064009
1134,2021-07-07,228.69000244140625,-0.026436745919264596
1135,2021-07-08,230.72000122070312,0.00887663980771092
1136,2021-07-09,237.0399932861328,0.027392475866815147
1137,2021-07-12,245.6999969482422,0.036533934810130564
1138,2021-07-13,242.7700042724609,-0.011925082263629427
1139,2021-07-14,230.69000244140625,-0.04975903784842084
1140,2021-07-15,230.25,-0.001907332076594881
1141,2021-07-16,238.7899932861328,0.037090090276364014
1142,2021-07-19,241.63999938964844,0.011935199060458812
1143,2021-07-20,251.2100067138672,0.03960440054788683
1144,2021-07-21,252.72000122070312,0.006010885181639392
1145,2021-07-22,251.77999877929688,-0.0037195411398615037
1146,2021-07-23,252.1699981689453,0.0015489689075354196
1147,2021-07-26,248.69000244140625,-0.013800197298679429
1148,2021-07-27,249.0,0.0012465219974686634
1149,2021-07-28,249.6999969482422,0.0028112327238642987
1150,2021-07-29,252.22999572753903,0.01013215382546151
1151,2021-07-30,240.6999969482422,-0.045712242693575766
1152,2021-08-02,250.1300048828125,0.03917743271346219
1153,2021-08-03,254.25999450683602,0.016511372260031187
1154,2021-08-04,258.3800048828125,0.016203926944809766
1155,2021-08-05,262.01998901367193,0.014087716007708641
1156,2021-08-06,261.70001220703125,-0.0012211923519468426
1157,2021-08-09,261.39999389648443,-0.001146420697563766
1158,2021-08-10,261.79998779296875,0.0015301985685689525
1159,2021-08-11,259.3800048828125,-0.009243632631755427
1160,2021-08-12,266.72000122070307,0.028298235020878918
1161,2021-08-13,261.95999145507807,-0.01784646724594996
1162,2021-08-16,265.8599853515625,0.014887746311265325
1163,2021-08-17,268.3900146484375,0.009516397488435135
1164,2021-08-18,270.29998779296875,0.007116409107220667
1165,2021-08-19,265.489990234375,-0.017795034316752778
