,Date,Adj Close,daily_return
0,2017-01-03,65.08495330810547,
1,2017-01-04,67.54151153564453,0.03774387324071626
2,2017-01-05,68.73710632324219,0.017701629122805373
3,2017-01-06,69.73655700683594,0.014540191419955216
4,2017-01-09,68.79315185546875,-0.013528129174411485
5,2017-01-10,69.52171325683594,0.010590609409754316
6,2017-01-11,69.96070861816406,0.0063145072346870714
7,2017-01-12,68.95194244384766,-0.014419038832526931
8,2017-01-13,69.47500610351561,0.007585916235701706
9,2017-01-17,67.37339019775389,-0.030249956403463618
10,2017-01-18,68.02722930908203,0.009704708482221271
11,2017-01-19,67.4481201171875,-0.00851290281518513
12,2017-01-20,67.90580749511719,0.006785769227288796
13,2017-01-23,68.12062835693361,0.0031635123672135728
14,2017-01-24,69.35359191894531,0.0180997091740156
15,2017-01-25,70.62389373779297,0.018316308985586227
16,2017-01-26,72.0716781616211,0.020499923569824
17,2017-01-27,70.97882080078125,-0.015163478757759809
18,2017-01-30,70.57717895507812,-0.005658615361199493
19,2017-01-31,69.98874664306639,-0.008337430324131591
20,2017-02-01,70.50247955322266,0.00734022160414205
21,2017-02-02,69.52171325683594,-0.013911089405675871
22,2017-02-03,71.3150863647461,0.025795870439568214
23,2017-02-06,71.52058410644531,0.00288154655872086
24,2017-02-07,71.82882690429688,0.004309847321615878
25,2017-02-08,71.40850830078125,-0.0058516701668488436
26,2017-02-09,72.43597412109375,0.014388562998469244
27,2017-02-10,71.82882690429688,-0.008381846508778712
28,2017-02-13,72.46399688720703,0.008842828294501448
29,2017-02-14,73.10848236083984,0.008893871457794189
30,2017-02-15,73.84639739990234,0.01009342575900285
31,2017-02-16,73.85572052001953,0.0001262501685315165
32,2017-02-17,73.65956115722656,-0.002655980625627996
33,2017-02-21,74.01451110839844,0.004818789924830425
34,2017-02-22,74.39746856689453,0.005174086172578196
35,2017-02-23,73.3513412475586,-0.014061329497996431
36,2017-02-24,73.31396484375,-0.0005095531066358072
37,2017-02-27,74.17330932617188,0.011721429665594307
38,2017-02-28,73.37936401367188,-0.010703921932466054
39,2017-03-01,75.69583129882812,0.031568375064202625
40,2017-03-02,74.26670837402344,-0.01887981015972817
41,2017-03-03,74.52826690673828,0.0035218813172326327
42,2017-03-06,73.9491195678711,-0.007770841358647362
43,2017-03-07,73.50078582763672,-0.006062732630953027
44,2017-03-08,73.48210906982422,-0.0002541028317206706
45,2017-03-09,73.99584197998047,0.006991265175419592
46,2017-03-10,74.070556640625,0.0010097143115790352
47,2017-03-13,73.85572052001953,-0.002900425355891523
48,2017-03-14,73.07111358642578,-0.010623509297171818
49,2017-03-15,72.1183853149414,-0.013038370769558938
50,2017-03-16,72.77220916748047,0.009065980189154388
51,2017-03-17,72.76289367675781,-0.00012800890380026964
52,2017-03-20,72.52936553955078,-0.0032094399412488928
53,2017-03-21,69.03601837158203,-0.0481645901902148
54,2017-03-22,69.40962982177734,0.005411833692151369
55,2017-03-23,69.91400909423828,0.007266704544542701
56,2017-03-24,69.75522613525389,-0.002271117921021526
57,2017-03-27,68.89590454101561,-0.012319099827331592
58,2017-03-28,70.15686798095703,0.01830244407620385
59,2017-03-29,69.99810028076172,-0.002263038598564693
60,2017-03-30,71.28150939941406,0.018334913569148403
61,2017-03-31,71.44078063964844,0.0022343976941050503
62,2017-04-03,71.44078063964844,0.0
63,2017-04-04,71.12223052978516,-0.004458939376237647
64,2017-04-05,69.80134582519531,-0.018572037107816408
65,2017-04-06,70.85993957519531,0.015165807155796962
66,2017-04-07,71.02857971191406,0.002379907994979113
67,2017-04-10,70.59764099121094,-0.006067117242819386
68,2017-04-11,70.02619171142578,-0.008094452899018223
69,2017-04-12,69.09876251220703,-0.013244033076090123
70,2017-04-13,68.03079986572266,-0.015455597287950098
71,2017-04-17,69.06128692626953,0.0151473606451904
72,2017-04-18,68.45234680175781,-0.008817387448366354
73,2017-04-19,68.21815490722656,-0.00342123981825615
74,2017-04-20,69.47348785400389,0.018401742886252626
75,2017-04-21,68.58351135253906,-0.01281030403043937
76,2017-04-24,70.33533477783203,0.025542924104426268
77,2017-04-25,70.4383773803711,0.0014650190102107885
78,2017-04-26,70.95362854003906,0.007314920911445587
79,2017-04-27,70.16669464111328,-0.011090819667971095
80,2017-04-28,69.81072998046875,-0.005073128532920189
81,2017-05-01,70.21353912353516,0.0057700176345254475
82,2017-05-02,71.03794860839844,0.011741460338764442
83,2017-05-03,71.61875915527344,0.008176060236152916
84,2017-05-04,71.58129119873047,-0.0005231584152657343
85,2017-05-05,71.19719696044922,-0.0053658467435980794
86,2017-05-08,70.85057830810547,-0.004868431162202924
87,2017-05-09,70.74754333496094,-0.00145425733430804
88,2017-05-10,70.73816680908203,-0.0001325350031521344
89,2017-05-11,70.21353912353516,-0.007416472736179514
90,2017-05-12,69.70769500732422,-0.007204367170852155
91,2017-05-15,70.9255142211914,0.01747036986001671
92,2017-05-16,71.94664001464844,0.014397157421693231
93,2017-05-17,67.24388122558594,-0.06536453666363029
94,2017-05-18,67.6373291015625,0.005851058398260056
95,2017-05-19,68.39616394042969,0.011219172148677624
96,2017-05-22,68.54603576660156,0.002191231460033416
97,2017-05-23,68.67717742919922,0.0019131910566527746
98,2017-05-24,68.24626159667969,-0.006274512853469694
99,2017-05-25,68.986328125,0.010844059601300192
100,2017-05-26,69.02378845214844,0.0005430108858752725
101,2017-05-30,68.38678741455078,-0.009228717401382092
102,2017-05-31,67.70291137695311,-0.010000119371774474
103,2017-06-01,69.14557647705078,0.021308760151616868
104,2017-06-02,68.6959228515625,-0.0065029991562441936
105,2017-06-05,69.12684631347656,0.006272911754096278
106,2017-06-06,68.93949127197266,-0.0027103079555269587
107,2017-06-07,69.28610992431639,0.005027867858442559
108,2017-06-08,71.27214050292969,0.0286641951869242
109,2017-06-09,73.34248352050781,0.029048419241639367
110,2017-06-12,73.75466918945312,0.005620012428813714
111,2017-06-13,73.92330169677734,0.002286397717967681
112,2017-06-14,73.95140075683594,0.0003801109990169138
113,2017-06-15,73.6609878540039,-0.00392707778162249
114,2017-06-16,73.5111083984375,-0.0020347195976174732
115,2017-06-19,74.06382751464844,0.00751885161648147
116,2017-06-20,73.2113265991211,-0.011510354570302694
117,2017-06-21,72.77103424072266,-0.006013992354070075
118,2017-06-22,72.31199645996094,-0.00630797384634174
119,2017-06-23,71.77801513671875,-0.007384408526707631
120,2017-06-26,72.59303283691406,0.01135469821285695
121,2017-06-27,73.67035675048828,0.014840596562407216
122,2017-06-28,75.60953521728516,0.026322371063908667
123,2017-06-29,75.61894226074219,0.00012441609950375465
124,2017-06-30,75.35592651367188,-0.0034781727859060085
125,2017-07-03,76.65222930908203,0.017202400068360383
126,2017-07-05,76.58647918701172,-0.0008577718177665837
127,2017-07-06,76.09801483154297,-0.00637794504531275
128,2017-07-07,76.45497131347656,0.004690746305587412
129,2017-07-10,77.40373992919922,0.012409508491378007
130,2017-07-11,76.81193542480469,-0.007645683592754748
131,2017-07-12,77.25342559814453,0.005747676723652395
132,2017-07-13,77.52584838867188,0.003526352241574715
133,2017-07-14,77.30980682373047,-0.0027867036534484635
134,2017-07-17,77.75128936767578,0.0057105632788854175
135,2017-07-18,77.6479721069336,-0.001328817330007448
136,2017-07-19,77.75128936767578,0.0013305854349925372
137,2017-07-20,77.7137222290039,-0.0004831706197723218
138,2017-07-21,77.70433044433594,-0.00012085104661818667
139,2017-07-24,78.76581573486328,0.013660568007696215
140,2017-07-25,79.8366928100586,0.013595708559662968
141,2017-07-26,80.19366455078125,0.0044712741492427535
142,2017-07-27,77.7137222290039,-0.0309244169806826
143,2017-07-28,77.86402130126953,0.0019340094381623538
144,2017-07-31,78.14582824707031,0.0036192190063035756
145,2017-08-01,78.38066101074219,0.003005058221782653
146,2017-08-02,77.77947998046875,-0.0076700173553148066
147,2017-08-03,77.38494110107422,-0.005072531720366369
148,2017-08-04,77.87342071533203,0.0063123342514379574
149,2017-08-07,77.8546142578125,-0.0002415003392270965
150,2017-08-08,77.8546142578125,0.0
151,2017-08-09,76.95282745361328,-0.011582958990882464
152,2017-08-10,75.00833892822266,-0.025268578033247117
153,2017-08-11,74.53865814208984,-0.006261714268626317
154,2017-08-14,75.35592651367188,0.010964355838336992
155,2017-08-15,75.46863555908203,0.0014956891995709931
156,2017-08-16,75.0741195678711,-0.0052275490114311865
157,2017-08-17,73.03568267822266,-0.027152324947421813
158,2017-08-18,73.12962341308594,0.0012862306672365431
159,2017-08-21,73.00749206542969,-0.0016700666837345945
160,2017-08-22,74.20989227294922,0.01646954543298018
161,2017-08-23,74.21929931640625,0.00012676266153888172
162,2017-08-24,74.01261901855469,-0.002784724455164423
163,2017-08-25,73.97505950927734,-0.0005074743979527341
164,2017-08-28,73.66505432128906,-0.00419067169455134
165,2017-08-29,72.83842468261719,-0.011221462419161998
166,2017-08-30,73.45838928222656,0.00851150477664464
167,2017-08-31,73.57113647460938,0.0015348443313891735
168,2017-09-01,74.17231750488281,0.008171425087077688
169,2017-09-05,71.64543151855469,-0.03406777718873055
170,2017-09-06,71.53269958496094,-0.0015734699506214644
171,2017-09-07,70.27395629882811,-0.0175967535607654
172,2017-09-08,70.7530288696289,0.006817213602769323
173,2017-09-11,72.41569519042969,0.02349957800201663
174,2017-09-12,73.47718048095703,0.014658221366735225
175,2017-09-13,73.70262908935547,0.003068280613419461
176,2017-09-14,73.5523452758789,-0.0020390563448471344
177,2017-09-15,74.93321228027344,0.018773935748958026
178,2017-09-18,76.01346588134766,0.01441621903293999
179,2017-09-19,76.24830627441406,0.003089457773613136
180,2017-09-20,77.3285903930664,0.014167975282814103
181,2017-09-21,77.7231216430664,0.005102010110291211
182,2017-09-22,77.88280487060547,0.002054513819869319
183,2017-09-25,77.70433044433594,-0.0022915767680176113
184,2017-09-26,77.92039489746094,0.0027805973217900353
185,2017-09-27,79.2542953491211,0.01711875887456027
186,2017-09-28,79.4421615600586,0.0023704230806662623
187,2017-09-29,79.42332458496094,-0.0002371155911136125
188,2017-10-02,79.6305160522461,0.0026086979910229235
189,2017-10-03,80.79837036132812,0.014665914111567481
190,2017-10-04,80.5534896850586,-0.003030762565809586
191,2017-10-05,81.00556945800781,0.0056121686933330315
192,2017-10-06,81.25044250488281,0.003022916183583302
193,2017-10-09,81.06208038330078,-0.0023182904089502627
194,2017-10-10,81.4482192993164,0.00476349625114203
195,2017-10-11,81.36345672607422,-0.0010406927735361338
196,2017-10-12,81.30694580078125,-0.0006945492186156699
197,2017-10-13,80.36515045166016,-0.011583209033932841
198,2017-10-16,80.6570816040039,0.0036325590222014976
199,2017-10-17,79.21611785888672,-0.017865309734262147
200,2017-10-18,80.34630584716797,0.01426714687400521
201,2017-10-19,80.73245239257812,0.004806027375355182
202,2017-10-20,81.5895004272461,0.010615904871815296
203,2017-10-23,81.29752349853516,-0.0035786091002150133
204,2017-10-24,81.33521270751953,0.0004635960280519047
205,2017-10-25,80.74185943603516,-0.0072951585387508455
206,2017-10-26,79.6587905883789,-0.013413969596703046
207,2017-10-27,80.51582336425781,0.010758797234412532
208,2017-10-30,80.06375122070312,-0.0056146993803875
209,2017-10-31,79.84712982177734,-0.0027056114111946306
210,2017-11-01,78.93357849121094,-0.011441254464693906
211,2017-11-02,81.01496887207031,0.02636888407499649
212,2017-11-03,80.7136001586914,-0.0037199139563306454
213,2017-11-06,80.35572814941406,-0.004433850163711339
214,2017-11-07,79.14076232910156,-0.01511984084138196
215,2017-11-08,79.27262115478516,0.0016661303455136613
216,2017-11-09,78.74520874023438,-0.006653147163141915
217,2017-11-10,78.6886978149414,-0.0007176427137223218
218,2017-11-13,78.51918029785156,-0.0021542803705878466
219,2017-11-14,78.19896697998047,-0.004078154110325749
220,2017-11-15,77.97293853759766,-0.0028904274712564515
221,2017-11-16,78.4532470703125,0.006159938841900248
222,2017-11-17,78.90531921386719,0.005762312720460461
223,2017-11-20,79.79064178466797,0.011220061963138184
224,2017-11-21,80.19560241699219,0.00507528982430161
225,2017-11-22,80.02608489990234,-0.0021138006571532753
226,2017-11-24,80.00724792480469,-0.0002353854386506482
227,2017-11-27,80.32747650146484,0.004002494586004657
228,2017-11-28,81.97563171386719,0.020517950820629682
229,2017-11-29,83.25652313232422,0.015625270481939513
230,2017-11-30,83.1623306274414,-0.0011313528518733795
231,2017-12-01,83.10581970214844,-0.0006795255119307343
232,2017-12-04,84.86701965332031,0.021192257744211185
233,2017-12-05,83.1811752319336,-0.019864541352734518
234,2017-12-06,82.6160659790039,-0.006793715661674638
235,2017-12-07,83.31302642822266,0.008436136978440478
236,2017-12-08,84.28308868408203,0.011643584412278194
237,2017-12-11,83.85928344726562,-0.005028354364242094
238,2017-12-12,84.32074737548828,0.005502836528681332
239,2017-12-13,82.7479248046875,-0.018652853772712086
240,2017-12-14,81.59893035888672,-0.013885477472852514
241,2017-12-15,83.10581970214844,0.018467023239571168
242,2017-12-18,83.77449035644531,0.008046014788054556
243,2017-12-19,83.51080322265625,-0.003147582667075932
244,2017-12-20,83.1623306274414,-0.004172784619083879
245,2017-12-21,85.09303283691406,0.02321606663625153
246,2017-12-22,85.36616516113281,0.003209808313475282
247,2017-12-26,84.67864227294922,-0.00805381015869533
248,2017-12-27,84.43379211425781,-0.0028915220192379247
249,2017-12-28,84.60331726074219,0.0020077879038640227
250,2017-12-29,84.10414123535156,-0.005900194478807408
251,2018-01-02,83.92469787597656,-0.0021335852995972853
252,2018-01-03,84.81249237060547,0.010578465184836185
253,2018-01-04,85.51139068603516,0.008240511461161892
254,2018-01-05,85.89861297607422,0.0045283123912789325
255,2018-01-08,86.59752655029297,0.008136494292561247
256,2018-01-09,87.97643280029297,0.015923159759062774
257,2018-01-10,89.1570053100586,0.01341919048304141
258,2018-01-11,89.88423919677734,0.008156777857103448
259,2018-01-12,91.4142608642578,0.017022135150200013
260,2018-01-16,90.29034423828124,-0.012294762494940216
261,2018-01-17,90.90425872802734,0.006799337126525362
262,2018-01-18,90.10148620605469,-0.008830967142853474
263,2018-01-19,90.84758758544922,0.00828067783130959
264,2018-01-22,91.19705200195312,0.0038467110221853673
265,2018-01-23,91.20647430419922,0.00010331805731933487
266,2018-01-24,91.51815032958984,0.003417257686675779
267,2018-01-25,90.52648162841795,-0.01083575987495955
268,2018-01-26,92.80260467529295,0.02514317364302032
269,2018-01-29,91.60315704345705,-0.0129247194734744
270,2018-01-30,90.39425659179688,-0.013197148337220077
271,2018-01-31,91.03648376464844,0.007104734272573631
272,2018-02-01,91.9526138305664,0.010063328767029091
273,2018-02-02,89.09088897705078,-0.03112173470988755
274,2018-02-05,84.80304718017578,-0.0481288473614796
275,2018-02-06,86.34251403808594,0.01815343798483271
276,2018-02-07,85.9930648803711,-0.004047243256788846
277,2018-02-08,81.28022766113281,-0.0548048522958744
278,2018-02-09,82.24358367919922,0.01185228001676819
279,2018-02-12,84.06636047363281,0.02216314893990456
280,2018-02-13,83.80191040039062,-0.0031457300131975123
281,2018-02-14,85.96473693847656,0.025808797529224936
282,2018-02-15,86.23863220214844,0.0031861350761521745
283,2018-02-16,87.419189453125,0.013689424574931495
284,2018-02-20,87.10753631591797,-0.0035650426314480788
285,2018-02-21,86.15361785888672,-0.010951043932313942
286,2018-02-22,85.07695007324219,-0.012497069913047998
287,2018-02-23,86.38975524902344,0.015430797350528769
288,2018-02-26,87.45699310302734,0.012353754804924844
289,2018-02-27,88.4958724975586,0.011878745857491602
290,2018-02-28,87.56088256835938,-0.010565350708588328
291,2018-03-01,86.90919494628906,-0.0074426799154466705
292,2018-03-02,86.7580795288086,-0.0017387736426952571
293,2018-03-05,88.410888671875,0.019050780654009003
294,2018-03-06,90.52648162841795,0.02392909955237177
295,2018-03-07,90.66814422607422,0.0015648746654901569
296,2018-03-08,90.91370391845705,0.0027083348234253624
297,2018-03-09,93.26539611816406,0.02586730160962647
298,2018-03-12,92.78372955322266,-0.005164472408728638
299,2018-03-13,91.84872436523438,-0.010077253765186756
300,2018-03-14,90.49813842773438,-0.01470446047927054
301,2018-03-15,90.120361328125,-0.004174418459569118
302,2018-03-16,92.15093994140624,0.02253185166322158
303,2018-03-19,91.15924072265624,-0.01076168316221804
304,2018-03-20,91.09314727783205,-0.000725032857889607
305,2018-03-21,91.4709243774414,0.004147151689217088
306,2018-03-22,86.51251983642578,-0.05420743886391144
307,2018-03-23,82.30968475341797,-0.04858065735403794
308,2018-03-26,84.58582305908203,0.027653347385339755
309,2018-03-27,82.78189086914062,-0.02132664936867001
310,2018-03-28,82.88579559326172,0.00125516248819868
311,2018-03-29,84.68540954589844,0.02171197054641083
312,2018-04-02,81.76815795898438,-0.03444810153906086
313,2018-04-03,82.8763198852539,0.013552487348747588
314,2018-04-04,83.46356201171875,0.007085764996296985
315,2018-04-05,83.7003402709961,0.002836905753484276
316,2018-04-06,80.33792877197266,-0.040172017080659095
317,2018-04-09,80.347412109375,0.00011804309057139585
318,2018-04-10,82.10912322998047,0.021926171289839317
319,2018-04-11,81.27561950683594,-0.010151170666016784
320,2018-04-12,82.52586364746094,0.015382769743389481
321,2018-04-13,81.01988983154297,-0.018248507187410782
322,2018-04-16,81.97651672363281,0.011807309218500041
323,2018-04-17,82.39327239990234,0.005083842213917666
324,2018-04-18,82.00495910644531,-0.004712924758860426
325,2018-04-19,83.35935974121094,0.01651608207020216
326,2018-04-20,83.16048431396484,-0.002385760013794536
327,2018-04-23,82.98998260498047,-0.0020502731602748407
328,2018-04-24,82.3175048828125,-0.008103119208602072
329,2018-04-25,82.23226165771484,-0.0010355418962103569
330,2018-04-26,85.0926742553711,0.0347845546260479
331,2018-04-27,86.48500061035156,0.016362470296819698
332,2018-04-30,85.0074234008789,-0.01708478000861346
333,2018-05-01,85.19685363769531,0.0022283964063125605
334,2018-05-02,83.84242248535156,-0.01589766633992784
335,2018-05-03,82.9615707397461,-0.010506038822522878
336,2018-05-04,84.81800079345703,0.022376987768645717
337,2018-05-07,86.38080596923828,0.018425395094926692
338,2018-05-08,86.42816925048828,0.0005483079339045903
339,2018-05-09,87.54580688476562,0.012931404702535955
340,2018-05-10,88.1993408203125,0.00746505125490593
341,2018-05-11,88.80552673339844,0.006872907523435057
342,2018-05-14,88.83395385742188,0.00032010534782123123
343,2018-05-15,88.98550415039062,0.001705995133482352
344,2018-05-16,91.31551361083984,0.026184146313441792
345,2018-05-17,93.44660186767578,0.023337636427453123
346,2018-05-18,93.81599426269531,0.003952978360225457
347,2018-05-21,95.32198333740234,0.016052583427193626
348,2018-05-22,96.35437774658205,0.01083060143141834
349,2018-05-23,95.68190002441406,-0.006979212962556214
350,2018-05-24,95.18937683105469,-0.005147506406474989
351,2018-05-25,94.21381378173828,-0.010248654648174371
352,2018-05-29,90.67142486572266,-0.037599464174352885
353,2018-05-30,92.56575012207031,0.02089219684319521
354,2018-05-31,91.45758056640624,-0.011971701781735566
355,2018-06-01,92.78359985351562,0.0144987356859565
356,2018-06-04,93.39926147460938,0.006635457366018782
357,2018-06-05,93.29507446289062,-0.001115501451230183
358,2018-06-06,95.25566864013672,0.02101498057141216
359,2018-06-07,94.31797790527344,-0.009843936305835577
360,2018-06-08,95.28408813476562,0.010243118554370323
361,2018-06-11,94.42218017578124,-0.009045665187720986
362,2018-06-12,94.29904174804688,-0.0013041260803883235
363,2018-06-13,93.77811431884766,-0.005524207028434702
364,2018-06-14,93.24769592285156,-0.0056561000383592575
365,2018-06-15,92.47103118896484,-0.008329050130410631
366,2018-06-18,92.61309814453124,0.001536340124466351
367,2018-06-19,91.82696533203124,-0.008488354544334166
368,2018-06-20,91.61858367919922,-0.002269286065139431
369,2018-06-21,91.40074920654295,-0.002377623227826864
370,2018-06-22,90.94610595703124,-0.004974174210370386
371,2018-06-25,88.70133972167969,-0.024682378775096936
372,2018-06-26,88.11412048339844,-0.00662018454426716
373,2018-06-27,86.30504608154297,-0.02053103852062299
374,2018-06-28,85.74622344970703,-0.006474970551640147
375,2018-06-29,84.90992736816406,-0.009753153525571712
376,2018-07-02,85.8127212524414,0.010632371411211759
377,2018-07-03,84.52981567382812,-0.014950062879829472
378,2018-07-05,83.7980728149414,-0.008656624328985505
379,2018-07-06,85.22354888916016,0.01701084555210186
380,2018-07-09,87.79886627197266,0.030218377624263267
381,2018-07-10,87.70384216308594,-0.0010822931197352892
382,2018-07-11,87.02912139892578,-0.007693172243303903
383,2018-07-12,87.65632629394531,0.007206839330763158
384,2018-07-13,88.37857818603516,0.008239586606308968
385,2018-07-16,89.32886505126953,0.010752457040370532
386,2018-07-17,90.30769348144531,0.01095758274342784
387,2018-07-18,91.44805145263672,0.012627473111421095
388,2018-07-19,90.01309967041016,-0.015691441856142352
389,2018-07-20,90.34569549560548,0.0036949713587595134
390,2018-07-23,91.76164245605469,0.015672544803399857
391,2018-07-24,91.65711212158205,-0.0011391506480793454
392,2018-07-25,92.42686462402344,0.008398175380218477
393,2018-07-26,88.56861877441406,-0.041743770767341926
394,2018-07-27,88.47360229492188,-0.0010728007369539274
395,2018-07-30,86.47795867919922,-0.02255637347138062
396,2018-07-31,87.03863525390625,0.006483462182391929
397,2018-08-01,86.96260833740234,-0.0008734847034552741
398,2018-08-02,86.4494400024414,-0.0059010228047658994
399,2018-08-03,86.80106353759766,0.004067389391375187
400,2018-08-06,87.08615112304688,0.003284378944570676
401,2018-08-07,87.64683532714844,0.006438270573117411
402,2018-08-08,87.1431655883789,-0.005746582142863943
403,2018-08-09,86.28790283203125,-0.009814455907965258
404,2018-08-10,85.49913787841797,-0.009141083833601793
405,2018-08-13,84.69136810302734,-0.009447694976051024
406,2018-08-14,86.07881164550781,0.016382348916511136
407,2018-08-15,85.65117645263672,-0.004967949541777927
408,2018-08-16,86.82005310058594,0.013646942124555528
409,2018-08-17,86.88658142089844,0.0007662782725486039
410,2018-08-20,86.8675765991211,-0.00021873137907546522
411,2018-08-21,86.84857940673828,-0.00021869140508523619
412,2018-08-22,86.8675765991211,0.00021873924147741697
413,2018-08-23,86.23087310791016,-0.007329587357423506
414,2018-08-24,86.7060317993164,0.0055103082490146615
415,2018-08-27,88.29304504394531,0.018303377650843226
416,2018-08-28,89.25284576416016,0.010870626556566563
417,2018-08-29,89.39540100097656,0.0015972066279330563
418,2018-08-30,88.19800567626953,-0.013394372767497886
419,2018-08-31,88.41657257080078,0.002478138738573055
420,2018-09-04,88.85371398925781,0.004944111785231131
421,2018-09-05,88.6446533203125,-0.002352863595218801
422,2018-09-06,87.2572021484375,-0.015651831440544158
423,2018-09-07,87.59932708740234,0.0039208790855205225
424,2018-09-10,87.84639739990234,0.002820459023086918
425,2018-09-11,88.35955047607422,0.005841481168952889
426,2018-09-12,87.0481185913086,-0.01484199362377625
427,2018-09-13,86.61100769042969,-0.005021485908628831
428,2018-09-14,87.9604263305664,0.015580220991769256
429,2018-09-17,86.77253723144531,-0.01350481288775085
430,2018-09-18,87.437744140625,0.007666099556423056
431,2018-09-19,89.11029815673828,0.01912851289282269
432,2018-09-20,90.75433349609376,0.018449442694757238
433,2018-09-21,90.40271759033205,-0.0038743704263648478
434,2018-09-24,88.80620574951172,-0.01765999832057108
435,2018-09-25,89.1958236694336,0.004387282584967568
436,2018-09-26,88.1504898071289,-0.011719538194734036
437,2018-09-27,88.1409912109375,-0.00010775432118625972
438,2018-09-28,87.75962829589844,-0.00432673730802946
439,2018-10-01,88.03611755371094,0.003150529043722372
440,2018-10-02,87.73102569580078,-0.003465530584353837
441,2018-10-03,89.57106018066406,0.020973589106816348
442,2018-10-04,89.9142837524414,0.0038318578688816274
443,2018-10-05,89.37085723876953,-0.0060438285330512995
444,2018-10-08,89.87617492675781,0.0056541662864242346
445,2018-10-09,90.40052795410156,0.005834171600772375
446,2018-10-10,85.83377838134766,-0.05051684626302788
447,2018-10-11,83.6314468383789,-0.02565809853067513
448,2018-10-12,83.76492309570312,0.0015960055980157595
449,2018-10-15,83.0689468383789,-0.008308683773625036
450,2018-10-16,84.86132049560547,0.021576939704241797
451,2018-10-17,85.02338409423828,0.0019097463683845906
452,2018-10-18,82.77339935302734,-0.026463128528465774
453,2018-10-19,82.33483123779297,-0.005298418557922124
454,2018-10-22,80.46617889404297,-0.022695769404726285
455,2018-10-23,79.05516052246094,-0.017535545877480296
456,2018-10-24,74.82211303710938,-0.05354549225346117
457,2018-10-25,72.0382080078125,-0.03720698221815988
458,2018-10-26,69.5975341796875,-0.033880268480030895
459,2018-10-29,69.45452880859375,-0.0020547476685673915
460,2018-10-30,70.5318603515625,0.015511321744586581
461,2018-10-31,73.11555480957031,0.036631593795052535
462,2018-11-01,75.32740783691406,0.030251470198161327
463,2018-11-02,75.4036865234375,0.0010126285865110773
464,2018-11-05,75.76596069335938,0.004804462309800694
465,2018-11-06,76.73841857910156,0.012835023496605924
466,2018-11-07,77.37720489501953,0.00832420484739993
467,2018-11-08,77.16744995117188,-0.002710810556316168
468,2018-11-09,75.79458618164062,-0.017790710596241488
469,2018-11-12,74.364501953125,-0.01886789414072987
470,2018-11-13,74.66004180908203,0.0039742060821348355
471,2018-11-14,73.49689483642578,-0.015579243521328444
472,2018-11-15,75.03186798095703,0.02088487068667977
473,2018-11-16,75.06999206542969,0.0005081052291318057
474,2018-11-19,74.27867126464844,-0.010541106759296648
475,2018-11-20,71.18968963623047,-0.041586387799159685
476,2018-11-21,72.55304718017578,0.019151053346515345
477,2018-11-23,73.06787872314453,0.007095932741325584
478,2018-11-26,75.47042083740234,0.03288096159683373
479,2018-11-27,73.33482360839844,-0.0282971421824314
480,2018-11-28,74.01172637939453,0.009230304754132891
481,2018-11-29,72.71511840820312,-0.017518953206750117
482,2018-11-30,76.01385498046875,0.04536520938805877
483,2018-12-03,76.10919189453125,0.0012542044353229807
484,2018-12-04,72.696044921875,-0.04484539761486417
485,2018-12-06,73.86872863769531,0.016131327599466786
486,2018-12-07,71.8666000366211,-0.027103872477541646
487,2018-12-10,72.05728912353516,0.0026533756545723537
488,2018-12-11,71.47572326660156,-0.008070881711030764
489,2018-12-12,72.90579986572266,0.02000786468136839
490,2018-12-13,72.05728912353516,-0.011638453233491441
491,2018-12-14,70.87507629394531,-0.016406568217728238
492,2018-12-17,70.1600341796875,-0.010088766766081059
493,2018-12-18,69.77867889404297,-0.005435505984330624
494,2018-12-19,68.02445220947266,-0.025139866680967904
495,2018-12-20,67.86237335205078,-0.0023826558268014164
496,2018-12-21,67.12825012207031,-0.010817824277557286
497,2018-12-24,66.46087646484375,-0.009941770506649128
498,2018-12-26,70.18865203857422,0.05608977449616348
499,2018-12-27,70.94183349609375,0.010730815247820935
500,2018-12-28,70.33164215087889,-0.008601290876538381
501,2018-12-31,70.94183349609375,0.008675914944596963
502,2019-01-02,70.91309356689453,-0.0004051196280513425
503,2019-01-03,68.51866149902344,-0.03376572572753933
504,2019-01-04,71.29620361328125,0.040537016536690514
505,2019-01-07,71.63140106201172,0.004701476821243
506,2019-01-08,72.14860534667969,0.007220356952396091
507,2019-01-09,73.47032165527344,0.018319360467784485
508,2019-01-10,73.30750274658203,-0.002216118087183028
509,2019-01-11,73.98751068115234,0.009276102842038505
510,2019-01-14,74.23654174804688,0.0033658527581461595
511,2019-01-15,74.27484893798828,0.000516015280876303
512,2019-01-16,76.59264373779297,0.031205648115687268
513,2019-01-17,76.47770690917969,-0.0015006249034404948
514,2019-01-18,77.82816314697266,0.017658168535265917
515,2019-01-22,76.33403778076172,-0.019197746751254963
516,2019-01-23,76.573486328125,0.003136851584492284
517,2019-01-24,77.02362823486328,0.005878560952669476
518,2019-01-25,77.63661193847656,0.007958385208031826
519,2019-01-28,77.8664779663086,0.002960794167759184
520,2019-01-29,77.52168273925781,-0.004428031626137807
521,2019-01-30,77.39715576171875,-0.0016063502898654436
522,2019-01-31,77.10025787353516,-0.003836030991857698
523,2019-02-01,77.85689544677734,0.009813684079802655
524,2019-02-04,78.35491943359375,0.006396658689747703
525,2019-02-05,78.67098999023438,0.004033831684409961
526,2019-02-06,78.21126556396484,-0.0058436334197218285
527,2019-02-07,77.31097412109375,-0.011511020009448591
528,2019-02-08,77.03321075439453,-0.0035928064528607533
529,2019-02-11,76.6405258178711,-0.005097605729760368
530,2019-02-12,78.54647827148438,0.024868728825564013
531,2019-02-13,78.35491943359375,-0.002438796011051348
532,2019-02-14,77.74197387695312,-0.007822681218632388
533,2019-02-15,78.85298156738281,0.014290963234200094
534,2019-02-19,79.4276351928711,0.007287658805865459
535,2019-02-20,79.28396606445312,-0.0018088053115153933
536,2019-02-21,79.40848541259766,0.0015705489309567609
537,2019-02-22,80.0310287475586,0.0078397583296832
538,2019-02-25,80.05017852783203,0.00023927944664858813
539,2019-02-26,80.04061889648438,-0.00011942048754243205
540,2019-02-27,80.280029296875,0.0029911113093747947
541,2019-02-28,79.09241485595703,-0.01479339820026948
542,2019-03-01,80.89302062988281,0.022765846474722462
543,2019-03-04,80.33750915527344,-0.0068672361383445004
544,2019-03-05,80.16511535644531,-0.0021458693534415207
545,2019-03-06,79.20735168457031,-0.011947387184767509
546,2019-03-07,77.06193542480469,-0.02708607489250969
547,2019-03-08,76.95658874511719,-0.0013670391109018574
548,2019-03-11,77.57913208007812,0.008089539116953537
549,2019-03-12,77.73238372802734,0.0019754235944664518
550,2019-03-13,78.45072174072266,0.009241167943706108
551,2019-03-14,78.53690338134766,0.0010985449045304296
552,2019-03-15,78.43154907226562,-0.0013414624787339011
553,2019-03-18,79.03495025634766,0.00769334778184816
554,2019-03-19,78.08676147460938,-0.011997082033490923
555,2019-03-20,75.99882507324219,-0.02673867326468771
556,2019-03-21,76.0562973022461,0.0007562252304362803
557,2019-03-22,73.51821899414062,-0.033371047475782345
558,2019-03-25,73.75764465332031,0.003256684702859447
559,2019-03-26,74.80160522460938,0.014153930432512453
560,2019-03-27,75.18473815917969,0.005121988136750133
561,2019-03-28,76.56390380859375,0.018343691594617573
562,2019-03-29,77.34302520751953,0.010176092912837165
563,2019-04-01,79.91117858886719,0.033204718518017984
564,2019-04-02,79.8438491821289,-0.0008425530436071416
565,2019-04-03,80.58447265625,0.009275898916542458
566,2019-04-04,81.20008087158203,0.007639290734804848
567,2019-04-05,81.95030975341797,0.009239262741898235
568,2019-04-08,82.2388687133789,0.003521145445687601
569,2019-04-09,81.45014190673828,-0.009590681620262996
570,2019-04-10,82.34468841552734,0.010982749542822523
571,2019-04-11,83.21995544433594,0.01062930767788961
572,2019-04-12,84.4511489868164,0.014794450873071963
573,2019-04-15,84.12411499023438,-0.003872463554440042
574,2019-04-16,85.17254638671875,0.012462911456555316
575,2019-04-17,85.41301727294922,0.002823337993660857
576,2019-04-18,85.78813171386719,0.004391771335266581
577,2019-04-22,85.19178009033203,-0.006951446681741413
578,2019-04-23,86.11517333984375,0.010838994660431034
579,2019-04-24,85.10521697998047,-0.011727972210862305
580,2019-04-25,86.76922607421875,0.019552374734321143
581,2019-04-26,86.32677459716797,-0.005099175100078957
582,2019-04-29,88.09659576416016,0.02050141656804416
583,2019-04-30,88.07735443115234,-0.0002184117654140394
584,2019-05-01,86.08631134033203,-0.022605618705051508
585,2019-05-02,86.49989318847656,0.004804269595307442
586,2019-05-03,87.61566925048828,0.01289916115365064
587,2019-05-06,87.35596466064453,-0.0029641340648928205
588,2019-05-07,84.6819839477539,-0.030610167528666743
589,2019-05-08,84.4896240234375,-0.0022715566564321947
590,2019-05-09,83.93175506591797,-0.006602810273658943
591,2019-05-10,84.17221069335938,0.0028648945473921388
592,2019-05-13,80.2189712524414,-0.04696608783770306
593,2019-05-14,81.45976257324219,0.015467554637370371
594,2019-05-15,80.14201354980469,-0.0161766862781203
595,2019-05-16,80.94037628173828,0.009961850177840235
596,2019-05-17,80.79608917236328,-0.0017826345268369126
597,2019-05-20,81.31549835205078,0.006428642586641109
598,2019-05-21,82.50818634033203,0.014667412885026819
599,2019-05-22,81.85413360595703,-0.00792712533611084
600,2019-05-23,81.49825286865234,-0.004347743010974736
601,2019-05-24,83.52775573730469,0.024902409526781133
602,2019-05-28,81.98878479003906,-0.018424665354420555
603,2019-05-29,81.93108367919922,-0.0007037683384087945
604,2019-05-30,81.27700805664062,-0.007983241441302358
605,2019-05-31,79.43025207519531,-0.02272175152114775
606,2019-06-03,78.93008422851562,-0.006296943967975643
607,2019-06-04,81.8926010131836,0.037533429916164714
608,2019-06-05,81.45976257324219,-0.005285440132396403
609,2019-06-06,81.5367202758789,0.0009447327147256156
610,2019-06-07,80.55561828613281,-0.012032639851425777
611,2019-06-10,81.43091583251953,0.010865754183372768
612,2019-06-11,81.01732635498047,-0.00507902279264183
613,2019-06-12,80.10354614257812,-0.01127882458621976
614,2019-06-13,80.38248443603516,0.003482221535617613
615,2019-06-14,79.41100311279297,-0.012085733976227695
616,2019-06-17,79.10321807861328,-0.003875848712583507
617,2019-06-18,79.94966125488281,0.010700489775628652
618,2019-06-19,78.03555297851562,-0.02394141821645657
619,2019-06-20,77.61233520507812,-0.005423396865708363
620,2019-06-21,79.2186279296875,0.0206963586440867
621,2019-06-24,77.22759246826172,-0.025133425224089682
622,2019-06-25,77.09293365478516,-0.001743661937045449
623,2019-06-26,77.7662353515625,0.0087336369866573
624,2019-06-27,79.35330200195312,0.020408171274022502
625,2019-06-28,81.6616439819336,0.02908942566654193
626,2019-07-01,83.05245971679688,0.017031444225773518
627,2019-07-02,81.67131805419922,-0.01662975024830393
628,2019-07-03,81.52642822265625,-0.001774060159612123
629,2019-07-05,82.6854476928711,0.01421648777558926
630,2019-07-08,80.80205535888672,-0.02277779689819293
631,2019-07-09,82.12525939941406,0.016375871067267456
632,2019-07-10,81.96106719970703,-0.0019992898763154803
633,2019-07-11,82.46329498291016,0.006127638406408176
634,2019-07-12,83.15869903564453,0.008432891905162165
635,2019-07-15,82.63715362548828,-0.006271687943707471
636,2019-07-16,82.93656158447266,0.003623163986761879
637,2019-07-17,80.82138061523438,-0.025503600930982917
638,2019-07-18,81.43949890136719,0.007647955051343302
639,2019-07-19,81.92243194580078,0.005929960902859799
640,2019-07-22,81.93208312988281,0.00011780880831779861
641,2019-07-23,82.94622802734375,0.012377872729700591
642,2019-07-24,83.64161682128906,0.008383609604478703
643,2019-07-25,80.18391418457031,-0.041339500216818766
644,2019-07-26,81.93208312988281,0.02180199062480903
645,2019-07-29,79.06354522705078,-0.035011167704410484
646,2019-07-30,78.98628234863281,-0.0009772250687227755
647,2019-07-31,77.9141845703125,-0.013573214822141466
648,2019-08-01,75.62516784667969,-0.029378690622977925
649,2019-08-02,75.09396362304688,-0.007024172491223557
650,2019-08-05,72.44754791259766,-0.035241390689317864
651,2019-08-06,73.98323059082031,0.021197165707738552
652,2019-08-07,73.3844223022461,-0.008093838073739312
653,2019-08-08,74.46614837646484,0.014740540843443341
654,2019-08-09,74.10879516601562,-0.0047988679183810215
655,2019-08-12,72.01292419433594,-0.028281001829602026
656,2019-08-13,73.36509704589844,0.018776808006205847
657,2019-08-14,70.80561828613281,-0.034886872134366136
658,2019-08-15,71.23060607910156,0.006002176144431548
659,2019-08-16,73.16227722167969,0.027118555476461914
660,2019-08-19,74.30195617675781,0.015577412272514747
661,2019-08-20,74.01220703125,-0.0038996166509872587
662,2019-08-21,75.00701904296875,0.013441188306933194
663,2019-08-22,75.87627410888672,0.01158898296464761
664,2019-08-23,73.5969009399414,-0.03004065757992125
665,2019-08-26,73.9349365234375,0.004593068175138937
666,2019-08-27,73.07534790039062,-0.011626284723655456
667,2019-08-28,73.6355209350586,0.007665690971893069
668,2019-08-29,75.6058578491211,0.02675796801655284
669,2019-08-30,75.82799530029297,0.0029380984158022816
670,2019-09-03,74.29230499267578,-0.020252286791119456
671,2019-09-04,75.3643798828125,0.014430497078296469
672,2019-09-05,77.21879577636719,0.024605999497882225
673,2019-09-06,77.80795288085938,0.00762971111591071
674,2019-09-09,79.45953369140625,0.021226375317646484
675,2019-09-10,81.41053009033203,0.024553333102894648
676,2019-09-11,82.84963989257812,0.017677194837685928
677,2019-09-12,83.45812225341797,0.0073444176900321345
678,2019-09-13,84.13419342041016,0.008100723437550084
679,2019-09-16,84.36599731445312,0.002755168673034936
680,2019-09-17,83.40016174316406,-0.011448161605784768
681,2019-09-18,82.9269027709961,-0.005674557006560721
682,2019-09-19,82.2508316040039,-0.008152615669961394
683,2019-09-20,81.32360076904297,-0.011273209241519757
684,2019-09-23,81.41053009033203,0.0010689310417517641
685,2019-09-24,80.94692993164062,-0.005694596978756961
686,2019-09-25,81.89346313476562,0.011693256358509707
687,2019-09-26,81.77754211425781,-0.001415510055021718
688,2019-09-27,81.00489044189453,-0.0094482134384003
689,2019-09-30,79.96722412109375,-0.012809921908913724
690,2019-10-01,76.9997329711914,-0.037108842810508184
691,2019-10-02,75.83599853515625,-0.015113486646383012
692,2019-10-03,75.28323364257812,-0.007288951200686955
693,2019-10-04,76.24331665039062,0.01275294592645526
694,2019-10-07,75.76812744140625,-0.0062325359108303955
695,2019-10-08,74.12921142578125,-0.021630678637167392
696,2019-10-09,75.22505187988281,0.014782842458788581
697,2019-10-10,75.98146057128906,0.010055276433894143
698,2019-10-11,78.14405059814453,0.028462074966648432
699,2019-10-14,78.41559600830078,0.0034749338955140092
700,2019-10-15,80.29695129394531,0.023992105925527696
701,2019-10-16,79.23019409179688,-0.013285151988440158
702,2019-10-17,79.94783020019531,0.009057608865213451
703,2019-10-18,80.19027709960938,0.003032563845784875
704,2019-10-21,81.58673095703125,0.017414254045877042
705,2019-10-22,80.58788299560547,-0.012242774648635437
706,2019-10-23,81.3733901977539,0.009747212272485985
707,2019-10-24,81.39279174804688,0.00023842622564718138
708,2019-10-25,81.9261703491211,0.006553142970268322
709,2019-10-28,82.23649597167969,0.0037878692637061118
710,2019-10-29,82.28498077392578,0.0005895776768356509
711,2019-10-30,82.65350341796875,0.004478613722417535
712,2019-10-31,80.96607971191406,-0.02041563438057292
713,2019-11-01,82.6050033569336,0.02024210201174359
714,2019-11-04,84.46695709228516,0.02254044742672701
715,2019-11-05,85.45612335205078,0.011710688934667202
716,2019-11-06,85.6597900390625,0.002383289564548585
717,2019-11-07,86.36770629882812,0.008264277316612613
718,2019-11-08,86.59075164794922,0.0025825086560637978
719,2019-11-11,86.40650177001953,-0.0021278239814661593
720,2019-11-12,86.9107894897461,0.005836224235402865
721,2019-11-13,85.66947937011719,-0.014282577881488012
722,2019-11-14,86.24163818359375,0.006678677373591403
723,2019-11-15,86.69743347167969,0.005285095432853826
724,2019-11-18,86.73621368408203,0.0004473051951994211
725,2019-11-19,86.55197143554688,-0.0021241675271440608
726,2019-11-20,86.28043365478516,-0.0031372801365238123
727,2019-11-21,85.48522186279297,-0.009216594751643159
728,2019-11-22,85.73736572265625,0.002949560805585616
729,2019-11-25,86.85260009765625,0.013007565203339231
730,2019-11-26,86.81380462646484,-0.0004466817475560214
731,2019-11-27,87.74478912353516,0.010723922319452184
732,2019-11-29,87.10472869873047,-0.007294569070119382
733,2019-12-02,85.5918960571289,-0.017367973750701867
734,2019-12-03,85.33975982666016,-0.002945795596121181
735,2019-12-04,86.10587310791016,0.00897721393645945
736,2019-12-05,87.1920166015625,0.0126140465737008
737,2019-12-06,87.81267547607422,0.0071182993432519215
738,2019-12-09,86.76531219482422,-0.011927244849012308
739,2019-12-10,86.77501678466797,0.00011184872846370376
740,2019-12-11,86.62954711914062,-0.0016764003156384266
741,2019-12-12,88.24906158447266,0.01869471236072306
742,2019-12-13,88.1326904296875,-0.0013186673341989419
743,2019-12-16,88.29756164550781,0.0018707157924771067
744,2019-12-17,88.55939483642578,0.002965350186782789
745,2019-12-18,88.2393569946289,-0.003613821462849942
746,2019-12-19,88.29756164550781,0.0006596223370309849
747,2019-12-20,87.85144805908203,-0.005052388515741968
748,2019-12-23,87.70598602294922,-0.0016557727771884243
749,2019-12-24,87.48294067382812,-0.002543102919597029
750,2019-12-26,87.96783447265625,0.005542724045319858
751,2019-12-27,87.57022857666016,-0.004519900920372022
752,2019-12-30,87.34718322753906,-0.0025470454142509924
753,2019-12-31,87.11346435546875,-0.0026757459534954013
754,2020-01-02,88.39884185791016,0.014755210482691794
755,2020-01-03,86.87975311279297,-0.017184486959217482
756,2020-01-06,86.52920532226562,-0.004034861725173644
757,2020-01-07,87.4445571899414,0.010578530847090041
758,2020-01-08,89.14865112304688,0.0194877072726658
759,2020-01-09,90.41455078125,0.014199874504616794
760,2020-01-10,90.44376373291016,0.0003231001139498701
761,2020-01-13,91.37857818603516,0.0103358641275213
762,2020-01-14,91.48568725585938,0.0011721463821221525
763,2020-01-15,91.11566162109376,-0.004044628683072093
764,2020-01-16,92.87818145751952,0.019343763795023783
765,2020-01-17,93.74484252929688,0.009331158924270609
766,2020-01-21,94.10514068603516,0.0038433917751334867
767,2020-01-22,94.68939208984376,0.006208496151744347
768,2020-01-23,88.84677124023438,-0.0617030136181016
769,2020-01-24,88.04829406738281,-0.00898712650674216
770,2020-01-27,87.20111083984375,-0.009621801722708212
771,2020-01-28,88.53516387939453,0.01529857850092009
772,2020-01-29,88.06776428222656,-0.005279253764127856
773,2020-01-30,90.4048080444336,0.02653688079008809
774,2020-01-31,89.03179931640625,-0.01518734188730886
775,2020-02-03,89.54790496826172,0.005796868712282244
776,2020-02-04,91.67071533203124,0.02370586296264432
777,2020-02-05,93.35533905029295,0.018376901632762618
778,2020-02-06,91.93364715576172,-0.01522882257184388
779,2020-02-07,91.58308410644531,-0.0038132181215703173
780,2020-02-10,91.75835418701172,0.0019137822478514368
781,2020-02-11,93.96881103515624,0.02408997924744161
782,2020-02-12,94.7088851928711,0.007875742489047433
783,2020-02-13,96.1695327758789,0.015422497900099419
784,2020-02-14,96.3545379638672,0.0019237401144440727
785,2020-02-18,96.82196044921876,0.004851068722127483
786,2020-02-19,98.6039581298828,0.01840489153902913
787,2020-02-20,98.6039581298828,0.0
788,2020-02-21,95.04969024658205,-0.0360458946142812
789,2020-02-24,91.29094696044922,-0.03954503456436032
790,2020-02-25,88.55464935302734,-0.029973373029062226
791,2020-02-26,87.66852569580078,-0.010006517599025044
792,2020-02-27,83.91950988769531,-0.04276353204699823
793,2020-02-28,81.43639373779297,-0.02958925943711255
794,2020-03-02,84.85431671142578,0.041970460831526564
795,2020-03-03,78.1255874633789,-0.07929743009928503
796,2020-03-04,77.69710540771484,-0.005484529071412282
797,2020-03-05,72.73088836669922,-0.06391765838579755
798,2020-03-06,71.66947174072266,-0.014593753078128826
799,2020-03-09,63.36321640014648,-0.11589670104763106
800,2020-03-10,70.16986083984375,0.107422647182436
801,2020-03-11,65.69052886962889,-0.0638355544189908
802,2020-03-12,59.21495819091797,-0.09857693019282132
803,2020-03-13,70.43279266357422,0.18944258031033745
804,2020-03-16,64.85308837890625,-0.0792202619498521
805,2020-03-17,74.51287841796875,0.14894880537723765
806,2020-03-18,70.03353881835939,-0.06011497199830584
807,2020-03-19,65.10626983642578,-0.07035584757059166
808,2020-03-20,59.80895614624024,-0.0813641098391078
809,2020-03-23,53.65473175048828,-0.10289804056610063
810,2020-03-24,57.86141586303711,0.07840285423681292
811,2020-03-25,59.18574523925781,0.022887953163045704
812,2020-03-26,62.97370147705078,0.06400115809102669
813,2020-03-27,60.03292846679688,-0.04669843031738563
814,2020-03-30,62.710792541503906,0.0446065874695436
815,2020-03-31,61.89789581298828,-0.012962628848577018
816,2020-04-01,57.76483535766602,-0.0667722287007857
817,2020-04-02,58.7442398071289,0.016955028840619724
818,2020-04-03,56.34471130371094,-0.040847043238557146
819,2020-04-06,62.8870849609375,0.11611335839421845
820,2020-04-07,62.59326553344727,-0.004672174384815818
821,2020-04-08,65.22784423828125,0.042090449865188166
822,2020-04-09,68.00933074951172,0.0426426251505343
823,2020-04-13,66.04075622558594,-0.028945653518872683
824,2020-04-14,65.61959838867189,-0.006377241282268686
825,2020-04-15,61.38860702514648,-0.06447755651390608
826,2020-04-16,59.40043258666992,-0.032386700640757986
827,2020-04-17,62.35820770263672,0.04979383124274683
828,2020-04-20,61.07519912719727,-0.02057481481118961
829,2020-04-21,60.01744842529297,-0.017318825268197613
830,2020-04-22,60.85973358154297,0.01403400474944272
831,2020-04-23,60.08600616455078,-0.012713289583423992
832,2020-04-24,60.28189086914063,0.003260071971723289
833,2020-04-27,64.45411682128906,0.06921192902202522
834,2020-04-28,66.74590301513672,0.03555686287971427
835,2020-04-29,69.99751281738281,0.04871624557253629
836,2020-04-30,64.56184387207031,-0.07765517268440192
837,2020-05-01,61.8783073425293,-0.041565363821678636
838,2020-05-04,61.23190307617188,-0.010446379258230555
839,2020-05-05,61.47675323486328,0.003998735077477722
840,2020-05-06,61.22211074829102,-0.004142093932635539
841,2020-05-07,63.1025505065918,0.03071504290389515
842,2020-05-08,65.45310211181639,0.03724970839299191
843,2020-05-11,65.23764038085939,-0.003291849033968175
844,2020-05-12,61.91748428344727,-0.05089325852420379
845,2020-05-13,58.14680099487305,-0.060898522157533226
846,2020-05-14,60.74220657348633,0.04463539754907808
847,2020-05-15,59.78239822387695,-0.01580134150128698
848,2020-05-18,63.62162780761719,0.06422006640420874
849,2020-05-19,61.56489944458008,-0.032327502987763324
850,2020-05-20,64.45411682128906,0.046929620656813054
851,2020-05-21,63.44533920288086,-0.015651096751588822
852,2020-05-22,63.866477966308594,0.0066378203461257
853,2020-05-26,68.89079284667969,0.07866904580242484
854,2020-05-27,71.47640228271484,0.03753200288737535
855,2020-05-28,69.23357391357422,-0.03137858506461244
856,2020-05-29,67.85263061523439,-0.019946150693646025
857,2020-06-01,69.72328186035156,0.02756932528857869
858,2020-06-02,71.49598693847656,0.02542486570949909
859,2020-06-03,75.63883972167969,0.05794524924550126
860,2020-06-04,77.63679504394531,0.026414409972671304
861,2020-06-05,79.66414642333984,0.02611328015597469
862,2020-06-08,79.3703384399414,-0.003688082990773833
863,2020-06-09,79.9775619506836,0.007650509279378603
864,2020-06-10,74.79655456542969,-0.06478076173975722
865,2020-06-11,68.81244659423828,-0.08000512865812147
866,2020-06-12,70.12483215332031,0.019071921200835677
867,2020-06-15,71.3588638305664,0.01759764179610457
868,2020-06-16,71.97588348388672,0.00864671352931512
869,2020-06-17,70.859375,-0.015512258132082126
870,2020-06-18,70.75164031982422,-0.001520401219680223
871,2020-06-19,72.14238739013672,0.019656746670830397
872,2020-06-22,70.4480209350586,-0.023486420624191595
873,2020-06-23,70.41864776611328,-0.00041694810663861487
874,2020-06-24,67.00055694580078,-0.04853956911619861
875,2020-06-25,68.6263427734375,0.024265258406014126
876,2020-06-26,65.03196716308594,-0.05237603324160822
877,2020-06-29,66.99076080322266,0.030120473446920263
878,2020-06-30,67.77853393554689,0.01175942955235598
879,2020-07-01,66.07495880126953,-0.025134434685432302
880,2020-07-02,66.49839019775389,0.0064083490049218214
881,2020-07-06,68.13304138183594,0.024581815878863992
882,2020-07-07,65.99618530273439,-0.031362992694337954
883,2020-07-08,66.9415283203125,0.014324206971079834
884,2020-07-09,64.59786987304689,-0.035010530922617966
885,2020-07-10,67.88685607910156,0.050914778033988695
886,2020-07-13,67.95578765869139,0.0010153891868185383
887,2020-07-14,67.99517822265625,0.0005796498771037939
888,2020-07-15,71.03797912597656,0.044750245279987284
889,2020-07-16,71.63865661621094,0.008455723228966816
890,2020-07-17,69.76766967773439,-0.02611700200493661
891,2020-07-20,69.23592376708984,-0.007621666498261238
892,2020-07-21,71.90452575683594,0.038543603443832015
893,2020-07-22,71.32353973388672,-0.008079964603535217
894,2020-07-23,71.13644409179688,-0.002623196251727133
895,2020-07-24,71.01828002929688,-0.0016610903736981042
896,2020-07-27,70.11232757568361,-0.012756609329873105
897,2020-07-28,68.95036315917969,-0.01657289747298185
898,2020-07-29,70.41759490966797,0.021279536223776097
899,2020-07-30,68.02471160888672,-0.033981326738734115
900,2020-07-31,68.41860961914061,0.00579051349043036
901,2020-08-03,70.35851287841797,0.028353444626776806
902,2020-08-04,69.84645843505861,-0.00727778945874269
903,2020-08-05,71.06751251220703,0.01748197552899167
904,2020-08-06,70.85087585449219,-0.003048321941444554
905,2020-08-07,73.63764190673828,0.03933283842488167
906,2020-08-10,74.79961395263672,0.0157795933684306
907,2020-08-11,74.73068237304688,-0.0009215499378578683
908,2020-08-12,75.14427185058594,0.005534399852987759
909,2020-08-13,73.93306732177734,-0.016118387988600213
910,2020-08-14,74.81932067871094,0.01198723912097921
911,2020-08-17,74.09061431884766,-0.009739547930306514
912,2020-08-18,73.74596405029297,-0.00465173992310941
913,2020-08-19,73.70657348632812,-0.000534138572491627
914,2020-08-20,72.59383392333984,-0.015096883634058587
915,2020-08-21,72.57413482666016,-0.00027136046706788264
916,2020-08-24,75.31167602539062,0.037720617755470975
917,2020-08-25,75.77448272705078,0.006145218458610824
918,2020-08-26,74.05122375488281,-0.022741943067765447
919,2020-08-27,75.56769561767578,0.020478687399044796
920,2020-08-28,75.54801177978516,-0.00026047953070074126
921,2020-08-31,74.56328582763672,-0.013034439013680621
922,2020-09-01,74.34664154052734,-0.0029055088533810336
923,2020-09-02,75.75479888916016,0.018940429849345845
924,2020-09-03,74.93746948242188,-0.010789143641370513
925,2020-09-04,75.44954681396484,0.006833395030280354
926,2020-09-08,72.1900863647461,-0.0432005305115426
927,2020-09-09,72.43627166748047,0.0034102369886428448
928,2020-09-10,71.8355941772461,-0.008292495961026103
929,2020-09-11,72.48551940917969,0.009047398290184416
930,2020-09-14,74.81932067871094,0.03219679307748313
931,2020-09-15,73.20436096191406,-0.02158479523934509
932,2020-09-16,73.54901885986328,0.004708160735513278
933,2020-09-17,72.62338256835938,-0.012585297613113888
934,2020-09-18,71.85530090332031,-0.010576230931078956
935,2020-09-21,69.32455444335939,-0.03522003844039268
936,2020-09-22,69.16698455810547,-0.0022729303710514732
937,2020-09-23,68.03455352783203,-0.016372421575240326
938,2020-09-24,68.49738311767578,0.006802860691287105
939,2020-09-25,69.70860290527344,0.017682716221681494
940,2020-09-28,71.57957458496094,0.026839896393131783
941,2020-09-29,71.1955337524414,-0.005365229323397225
942,2020-09-30,72.01705169677734,0.011538897189709909
943,2020-10-01,71.94776153564453,-0.0009621354873642352
944,2020-10-02,73.75907897949219,0.02517545237248675
945,2020-10-05,75.38233947753906,0.022007602596260775
946,2020-10-06,74.32325744628906,-0.0140494715153483
947,2020-10-07,75.89702606201172,0.021174645323638552
948,2020-10-08,77.45098876953125,0.02047461920642135
949,2020-10-09,77.47078704833984,0.0002556233189934254
950,2020-10-12,79.22270965576172,0.022613977141199282
951,2020-10-13,76.9363021850586,-0.02886050578979205
952,2020-10-14,77.10456848144531,0.0021870858308472574
953,2020-10-15,78.58924865722656,0.019255411255411303
954,2020-10-16,78.9059829711914,0.004030249930830897
955,2020-10-19,77.74794006347656,-0.01467623701155396
956,2020-10-20,78.00527954101562,0.003309920202759775
957,2020-10-21,77.79741668701172,-0.0026647280187568345
958,2020-10-22,79.62852478027344,0.023536875274772658
959,2020-10-23,80.28179168701172,0.008203930796669923
960,2020-10-26,78.99507141113281,-0.016027548075849385
961,2020-10-27,77.44108581542969,-0.019671931019789143
962,2020-10-28,74.44203186035156,-0.038726909927709
963,2020-10-29,74.77857208251953,0.004520836062068989
964,2020-10-30,75.65947723388672,0.011780181498987295
965,2020-11-02,77.65884399414062,0.026425860095137255
966,2020-11-03,79.163330078125,0.01937301673068803
967,2020-11-04,76.3028335571289,-0.03613411055564642
968,2020-11-05,78.82679748535156,0.03307824638429624
969,2020-11-06,76.71855163574219,-0.02674529369280987
970,2020-11-09,84.71603393554688,0.10424443800472848
971,2020-11-10,84.93379211425781,0.0025704482208954715
972,2020-11-11,83.9044189453125,-0.012119712817726835
973,2020-11-12,81.94464111328125,-0.023357266001789445
974,2020-11-13,84.37952423095703,0.029713756562918636
975,2020-11-16,86.82429504394531,0.028973507912851467
976,2020-11-17,88.51683807373047,0.019493887384038008
977,2020-11-18,88.17041015625,-0.003913695123089589
978,2020-11-19,88.28917694091797,0.0013470140884850323
979,2020-11-20,87.60623168945312,-0.007735322438466752
980,2020-11-23,89.55611419677734,0.02225734938852497
981,2020-11-24,93.00057983398438,0.0384615351849531
982,2020-11-25,92.5353775024414,-0.0050021444207487544
983,2020-11-27,91.76334381103516,-0.008343119272257615
984,2020-11-30,90.02131652832031,-0.018983912424792804
985,2020-12-01,92.04048919677734,0.02242993933355564
986,2020-12-02,93.73302459716795,0.01838903090543198
987,2020-12-03,93.38658905029295,-0.003695981734973985
988,2020-12-04,94.85148620605469,0.015686376070260133
989,2020-12-07,93.54496002197266,-0.013774440826828438
990,2020-12-08,91.98109436035156,-0.016717797102631327
991,2020-12-09,91.6148681640625,-0.0039815377152864215
992,2020-12-10,91.7039566040039,0.0009724233819981
993,2020-12-11,91.39712524414062,-0.003345890092706028
994,2020-12-14,90.52610778808594,-0.009530031209712742
995,2020-12-15,92.5353775024414,0.022195472261538063
996,2020-12-16,92.40670776367188,-0.0013904923959070505
997,2020-12-17,93.80229949951172,0.01510271028602217
998,2020-12-18,92.90160369873048,-0.009602065254124437
999,2020-12-21,92.9906768798828,0.0009587905655661367
1000,2020-12-22,92.7828140258789,-0.0022353085382138533
1001,2020-12-23,93.08966827392578,0.0033072315306290627
1002,2020-12-24,91.97119903564452,-0.01201496641915245
1003,2020-12-28,93.8122100830078,0.02001725612655947
1004,2020-12-29,93.0302734375,-0.00833512657697666
1005,2020-12-30,93.267822265625,0.002553457270923598
1006,2020-12-31,94.69310760498048,0.015281640599437376
1007,2021-01-04,93.45082092285156,-0.013119082407889835
1008,2021-01-05,93.81855010986328,0.003935002211647776
1009,2021-01-06,99.37410736083984,0.059215978550839925
1010,2021-01-07,101.1033935546875,0.017401778388492994
1011,2021-01-08,101.3717269897461,0.002654049736851239
1012,2021-01-11,102.67366027832031,0.012843159796477766
1013,2021-01-12,102.89230346679688,0.0021294963857709788
1014,2021-01-13,101.25247192382812,-0.015937358652855168
1015,2021-01-14,102.06741333007812,0.008048607513138739
1016,2021-01-15,102.30594635009766,0.002337014451891051
1017,2021-01-19,103.22027587890624,0.008937208064912383
1018,2021-01-20,102.84261322021484,-0.0036588030353110756
1019,2021-01-21,101.96803283691406,-0.008504066125080478
1020,2021-01-22,101.41148376464844,-0.005458074033415583
1021,2021-01-25,99.55299377441406,-0.01832622816709284
1022,2021-01-26,98.04236602783205,-0.015174106667300012
1023,2021-01-27,94.82231903076172,-0.03284342399648155
1024,2021-01-28,98.99645233154295,0.044020578102789136
1025,2021-01-29,99.3144760131836,0.003212475539785764
1026,2021-02-01,101.78913879394531,0.0249174428552914
1027,2021-02-02,104.1942367553711,0.023628237648168904
1028,2021-02-03,104.87004852294922,0.0064860762804455074
1029,2021-02-04,107.22544860839844,0.022460179227759003
1030,2021-02-05,108.73609161376952,0.014088474564355913
1031,2021-02-08,109.54109954833984,0.0074033186463029485
1032,2021-02-09,110.1572723388672,0.005625037479703554
1033,2021-02-10,112.0058135986328,0.016780928036045584
1034,2021-02-11,112.7511978149414,0.006654870781793942
1035,2021-02-12,113.42701721191406,0.0059938999325033215
1036,2021-02-16,116.75637817382812,0.029352450974655
1037,2021-02-17,116.1799545288086,-0.004936977782587171
1038,2021-02-18,115.50414276123048,-0.005816939508360153
1039,2021-02-19,117.52163696289062,0.017466855763179856
1040,2021-02-22,118.7738800048828,0.010655425454868306
1041,2021-02-23,118.19744873046876,-0.0048531821507417075
1042,2021-02-24,121.89453887939452,0.031278933586429636
1043,2021-02-25,119.6782684326172,-0.018181868253918654
1044,2021-02-26,116.02093505859376,-0.030559711649593587
1045,2021-03-01,120.28451538085938,0.036748370629079874
1046,2021-03-02,117.54151153564452,-0.022804297265775486
1047,2021-03-03,117.8992919921875,0.003043864689748155
1048,2021-03-04,115.97124481201172,-0.0163533397664809
1049,2021-03-05,116.8458251953125,0.007541355486167855
1050,2021-03-08,116.8756332397461,0.0002551057719328842
1051,2021-03-09,115.61347198486328,-0.010799182172504309
1052,2021-03-10,116.7066879272461,0.009455783340940993
1053,2021-03-11,117.03466033935548,0.002810228084904942
1054,2021-03-12,119.01239776611328,0.016898732572240727
1055,2021-03-15,119.549072265625,0.004509399941394321
1056,2021-03-16,118.1477508544922,-0.01172172551886652
1057,2021-03-17,119.53913116455078,0.011776612758140235
1058,2021-03-18,119.59876251220705,0.0004988437432607019
1059,2021-03-19,118.97264862060548,-0.00523512015049199
1060,2021-03-22,118.82357025146484,-0.0012530474093759294
1061,2021-03-23,117.26323699951172,-0.013131512953625355
1062,2021-03-24,117.82972717285156,0.004830927303688615
1063,2021-03-25,120.49321746826172,0.022604569825600333
1064,2021-03-26,122.82874298095705,0.01938304546735603
1065,2021-03-29,120.6025390625,-0.018124454133689127
1066,2021-03-30,122.02373504638672,0.011784129877648876
1067,2021-03-31,122.19322204589844,0.0013889674779032912
1068,2021-04-01,126.13140106201172,0.03222911181304333
1069,2021-04-05,128.52423095703122,0.018970929323484542
1070,2021-04-06,126.9489517211914,-0.01225667116706164
1071,2021-04-07,126.92900848388672,-0.0001570965103240285
1072,2021-04-08,125.49331665039062,-0.011310982813501956
1073,2021-04-09,126.64984130859376,0.009215826699561004
1074,2021-04-12,127.81634521484376,0.009210464807513752
1075,2021-04-13,126.48035430908205,-0.01045242612371744
1076,2021-04-14,128.96290588378906,0.019627961893911028
1077,2021-04-15,129.6109619140625,0.00502513514124292
1078,2021-04-16,129.37167358398438,-0.0018462044146912997
1079,2021-04-19,129.02272033691406,-0.0026972925170035693
1080,2021-04-20,126.33080291748048,-0.02086390220578393
1081,2021-04-21,126.7694854736328,0.003472490841674336
1082,2021-04-22,126.08155059814452,-0.005426659837878489
1083,2021-04-23,129.16230773925778,0.02443463874371643
1084,2021-04-26,129.53118896484378,0.002855951028148729
1085,2021-04-27,130.23907470703122,0.0054649829731707724
1086,2021-04-28,130.77745056152344,0.004133750609817133
1087,2021-04-29,131.67477416992188,0.006861455125066085
1088,2021-04-30,130.38862609863278,-0.009767611749455951
1089,2021-05-03,131.48533630371094,0.008411087975177756
1090,2021-05-04,132.12342834472656,0.004852952115829368
1091,2021-05-05,134.55612182617188,0.018412279426311292
1092,2021-05-06,136.04165649414062,0.011040260731413287
1093,2021-05-07,136.2310791015625,0.0013923868049197097
1094,2021-05-10,134.64584350585938,-0.01163637259689698
1095,2021-05-11,132.86119079589844,-0.013254421105715621
1096,2021-05-12,128.97286987304688,-0.029266039989245707
1097,2021-05-13,131.45542907714844,0.019248693206138867
1098,2021-05-14,133.76847839355472,0.017595692567773602
1099,2021-05-17,133.51922607421878,-0.0018633113146627747
1100,2021-05-18,131.6947021484375,-0.013664877931265806
1101,2021-05-19,131.93399047851562,0.001816992833989728
1102,2021-05-20,132.67178344726562,0.005592137144295295
1103,2021-05-21,133.10047912597656,0.003231249837546191
1104,2021-05-24,134.12739562988278,0.0077153479134681735
1105,2021-05-25,131.39559936523438,-0.020367175936127583
1106,2021-05-26,132.66180419921878,0.009636584787476643
1107,2021-05-27,131.39559936523438,-0.009544607369299296
1108,2021-05-28,132.19320678710938,0.0060702749995296115
1109,2021-06-01,132.67178344726562,0.0036202817965296226
1110,2021-06-02,131.80436706542972,-0.006538062271399968
1111,2021-06-03,132.50227355957028,0.00529501798520915
1112,2021-06-04,132.03367614746094,-0.0035365235593385336
1113,2021-06-07,130.27894592285156,-0.013290020211583098
1114,2021-06-08,131.236083984375,0.007346836088850672
1115,2021-06-09,128.83329772949222,-0.01830888412647902
1116,2021-06-10,128.474365234375,-0.0027860227242716413
1117,2021-06-11,130.70767211914062,0.017383287947688286
1118,2021-06-14,128.62391662597656,-0.01594210545854346
1119,2021-06-15,129.78044128417972,0.00899152108364265
1120,2021-06-16,130.60797119140622,0.006376383829782784
1121,2021-06-17,126.99879455566406,-0.02763366280648294
1122,2021-06-18,123.68872833251952,-0.02606376095714613
1123,2021-06-21,127.82632446289062,0.03345168299610757
1124,2021-06-22,127.26799011230469,-0.004367913674526602
1125,2021-06-23,129.35174560546878,0.016372974000181232
1126,2021-06-24,131.12641906738278,0.01371974884147975
1127,2021-06-25,131.664794921875,0.0041057771448449465
1128,2021-06-28,128.4444580078125,-0.024458602741707303
1129,2021-06-29,129.93000793457028,0.011565698900511734
1130,2021-06-30,129.89999389648438,-0.0002310015874164017
1131,2021-07-01,131.82000732421878,0.014780704526163646
1132,2021-07-02,131.63999938964844,-0.001365558523506949
1133,2021-07-06,130.66999816894528,-0.00736859028563186
1134,2021-07-07,130.75999450683594,0.0006887299238673705
1135,2021-07-08,127.25,-0.026843030393768008
1136,2021-07-09,132.02000427246094,0.03748529880126483
1137,2021-07-12,134.00999450683594,0.015073399257494955
1138,2021-07-13,133.49000549316406,-0.0038802256173912095
1139,2021-07-14,131.19000244140622,-0.0172297771901404
1140,2021-07-15,131.85000610351562,0.005030899076354346
1141,2021-07-16,128.64999389648438,-0.02427009525140955
1142,2021-07-19,124.02999877929688,-0.03591135123492417
1143,2021-07-20,127.12000274658205,0.02491335965247909
1144,2021-07-21,130.52000427246094,0.026746392797496243
1145,2021-07-22,128.42999267578122,-0.016012959916219538
1146,2021-07-23,128.5,0.0005451010528008117
1147,2021-07-26,130.0,0.011673151750972721
1148,2021-07-27,129.0,-0.007692307692307666
1149,2021-07-28,130.19000244140622,0.009224825127180036
1150,2021-07-29,131.0,0.006221657142669868
1151,2021-07-30,129.47999572753906,-0.011603086049320144
1152,2021-08-02,130.3699951171875,0.006873643952856057
1153,2021-08-03,129.52000427246094,-0.006519834904975763
1154,2021-08-04,128.41999816894528,-0.00849294369386877
1155,2021-08-05,130.47000122070312,0.015963269591866336
1156,2021-08-06,133.8800048828125,0.026136304362724738
1157,2021-08-09,135.42999267578122,0.01157744051716647
1158,2021-08-10,137.17999267578122,0.012921805321141068
1159,2021-08-11,138.47999572753906,0.009476622839821314
1160,2021-08-12,139.16000366210938,0.004910513832685481
1161,2021-08-13,138.94000244140622,-0.001580922786099781
1162,2021-08-16,137.80000305175778,-0.008204976030061541
1163,2021-08-17,136.10000610351562,-0.012336697464394364
1164,2021-08-18,134.94000244140622,-0.00852317127177149
1165,2021-08-19,133.16000366210938,-0.013191038588203365
